C:/Users/aliso/Documents/CIS663/recognition/Archive/new_with_mask/with-mask-default-mask-seed0000.png;0
C:/Users/aliso/Documents/CIS663/recognition/Archive/new_with_mask/with-mask-default-mask-seed0001.png;1
C:/Users/aliso/Documents/CIS663/recognition/Archive/new_with_mask/with-mask-default-mask-seed0002.png;2
C:/Users/aliso/Documents/CIS663/recognition/Archive/new_with_mask/with-mask-default-mask-seed0003.png;3
C:/Users/aliso/Documents/CIS663/recognition/Archive/new_with_mask/with-mask-default-mask-seed0004.png;4
C:/Users/aliso/Documents/CIS663/recognition/Archive/new_with_mask/with-mask-default-mask-seed0005.png;5
C:/Users/aliso/Documents/CIS663/recognition/Archive/new_with_mask/with-mask-default-mask-seed0006.png;6
C:/Users/aliso/Documents/CIS663/recognition/Archive/new_with_mask/with-mask-default-mask-seed0007.png;7
C:/Users/aliso/Documents/CIS663/recognition/Archive/new_with_mask/with-mask-default-mask-seed0008.png;8
C:/Users/aliso/Documents/CIS663/recognition/Archive/new_with_mask/with-mask-default-mask-seed0009.png;9
C:/Users/aliso/Documents/CIS663/recognition/Archive/new_with_mask/with-mask-default-mask-seed0010.png;10
C:/Users/aliso/Documents/CIS663/recognition/Archive/new_with_mask/with-mask-default-mask-seed0011.png;11
C:/Users/aliso/Documents/CIS663/recognition/Archive/new_with_mask/with-mask-default-mask-seed0012.png;12
C:/Users/aliso/Documents/CIS663/recognition/Archive/new_with_mask/with-mask-default-mask-seed0013.png;13
C:/Users/aliso/Documents/CIS663/recognition/Archive/new_with_mask/with-mask-default-mask-seed0014.png;14
C:/Users/aliso/Documents/CIS663/recognition/Archive/new_with_mask/with-mask-default-mask-seed0015.png;15
C:/Users/aliso/Documents/CIS663/recognition/Archive/new_with_mask/with-mask-default-mask-seed0016.png;16
C:/Users/aliso/Documents/CIS663/recognition/Archive/new_with_mask/with-mask-default-mask-seed0017.png;17
C:/Users/aliso/Documents/CIS663/recognition/Archive/new_with_mask/with-mask-default-mask-seed0018.png;18
C:/Users/aliso/Documents/CIS663/recognition/Archive/new_with_mask/with-mask-default-mask-seed0019.png;19
C:/Users/aliso/Documents/CIS663/recognition/Archive/new_with_mask/with-mask-default-mask-seed0020.png;20
C:/Users/aliso/Documents/CIS663/recognition/Archive/new_with_mask/with-mask-default-mask-seed0021.png;21
C:/Users/aliso/Documents/CIS663/recognition/Archive/new_with_mask/with-mask-default-mask-seed0022.png;22
C:/Users/aliso/Documents/CIS663/recognition/Archive/new_with_mask/with-mask-default-mask-seed0023.png;23
C:/Users/aliso/Documents/CIS663/recognition/Archive/new_with_mask/with-mask-default-mask-seed0024.png;24
C:/Users/aliso/Documents/CIS663/recognition/Archive/new_with_mask/with-mask-default-mask-seed0025.png;25
C:/Users/aliso/Documents/CIS663/recognition/Archive/new_with_mask/with-mask-default-mask-seed0026.png;26
C:/Users/aliso/Documents/CIS663/recognition/Archive/new_with_mask/with-mask-default-mask-seed0027.png;27
C:/Users/aliso/Documents/CIS663/recognition/Archive/new_with_mask/with-mask-default-mask-seed0028.png;28
C:/Users/aliso/Documents/CIS663/recognition/Archive/new_with_mask/with-mask-default-mask-seed0029.png;29
C:/Users/aliso/Documents/CIS663/recognition/Archive/new_with_mask/with-mask-default-mask-seed0030.png;30
C:/Users/aliso/Documents/CIS663/recognition/Archive/new_with_mask/with-mask-default-mask-seed0031.png;31
C:/Users/aliso/Documents/CIS663/recognition/Archive/new_with_mask/with-mask-default-mask-seed0032.png;32
C:/Users/aliso/Documents/CIS663/recognition/Archive/new_with_mask/with-mask-default-mask-seed0033.png;33
C:/Users/aliso/Documents/CIS663/recognition/Archive/new_with_mask/with-mask-default-mask-seed0034.png;34
C:/Users/aliso/Documents/CIS663/recognition/Archive/new_with_mask/with-mask-default-mask-seed0035.png;35
C:/Users/aliso/Documents/CIS663/recognition/Archive/new_with_mask/with-mask-default-mask-seed0036.png;36
C:/Users/aliso/Documents/CIS663/recognition/Archive/new_with_mask/with-mask-default-mask-seed0037.png;37
C:/Users/aliso/Documents/CIS663/recognition/Archive/new_with_mask/with-mask-default-mask-seed0038.png;38
C:/Users/aliso/Documents/CIS663/recognition/Archive/new_with_mask/with-mask-default-mask-seed0039.png;39
C:/Users/aliso/Documents/CIS663/recognition/Archive/new_with_mask/with-mask-default-mask-seed0040.png;40
C:/Users/aliso/Documents/CIS663/recognition/Archive/new_with_mask/with-mask-default-mask-seed0041.png;41
C:/Users/aliso/Documents/CIS663/recognition/Archive/new_with_mask/with-mask-default-mask-seed0042.png;42
C:/Users/aliso/Documents/CIS663/recognition/Archive/new_with_mask/with-mask-default-mask-seed0043.png;43
C:/Users/aliso/Documents/CIS663/recognition/Archive/new_with_mask/with-mask-default-mask-seed0044.png;44
C:/Users/aliso/Documents/CIS663/recognition/Archive/new_with_mask/with-mask-default-mask-seed0045.png;45
C:/Users/aliso/Documents/CIS663/recognition/Archive/new_with_mask/with-mask-default-mask-seed0046.png;46
C:/Users/aliso/Documents/CIS663/recognition/Archive/new_with_mask/with-mask-default-mask-seed0047.png;47
C:/Users/aliso/Documents/CIS663/recognition/Archive/new_with_mask/with-mask-default-mask-seed0048.png;48
C:/Users/aliso/Documents/CIS663/recognition/Archive/new_with_mask/with-mask-default-mask-seed0049.png;49
C:/Users/aliso/Documents/CIS663/recognition/Archive/new_with_mask/with-mask-default-mask-seed0050.png;50
C:/Users/aliso/Documents/CIS663/recognition/Archive/new_with_mask/with-mask-default-mask-seed0051.png;51
C:/Users/aliso/Documents/CIS663/recognition/Archive/new_with_mask/with-mask-default-mask-seed0052.png;52
C:/Users/aliso/Documents/CIS663/recognition/Archive/new_with_mask/with-mask-default-mask-seed0053.png;53
C:/Users/aliso/Documents/CIS663/recognition/Archive/new_with_mask/with-mask-default-mask-seed0054.png;54
C:/Users/aliso/Documents/CIS663/recognition/Archive/new_with_mask/with-mask-default-mask-seed0055.png;55
C:/Users/aliso/Documents/CIS663/recognition/Archive/new_with_mask/with-mask-default-mask-seed0056.png;56
C:/Users/aliso/Documents/CIS663/recognition/Archive/new_with_mask/with-mask-default-mask-seed0057.png;57
C:/Users/aliso/Documents/CIS663/recognition/Archive/new_with_mask/with-mask-default-mask-seed0058.png;58
C:/Users/aliso/Documents/CIS663/recognition/Archive/new_with_mask/with-mask-default-mask-seed0059.png;59
C:/Users/aliso/Documents/CIS663/recognition/Archive/new_with_mask/with-mask-default-mask-seed0060.png;60
C:/Users/aliso/Documents/CIS663/recognition/Archive/new_with_mask/with-mask-default-mask-seed0061.png;61
C:/Users/aliso/Documents/CIS663/recognition/Archive/new_with_mask/with-mask-default-mask-seed0062.png;62
C:/Users/aliso/Documents/CIS663/recognition/Archive/new_with_mask/with-mask-default-mask-seed0063.png;63
C:/Users/aliso/Documents/CIS663/recognition/Archive/new_with_mask/with-mask-default-mask-seed0064.png;64
C:/Users/aliso/Documents/CIS663/recognition/Archive/new_with_mask/with-mask-default-mask-seed0065.png;65
C:/Users/aliso/Documents/CIS663/recognition/Archive/new_with_mask/with-mask-default-mask-seed0066.png;66
C:/Users/aliso/Documents/CIS663/recognition/Archive/new_with_mask/with-mask-default-mask-seed0067.png;67
C:/Users/aliso/Documents/CIS663/recognition/Archive/new_with_mask/with-mask-default-mask-seed0068.png;68
C:/Users/aliso/Documents/CIS663/recognition/Archive/new_with_mask/with-mask-default-mask-seed0069.png;69
C:/Users/aliso/Documents/CIS663/recognition/Archive/new_with_mask/with-mask-default-mask-seed0070.png;70
C:/Users/aliso/Documents/CIS663/recognition/Archive/new_with_mask/with-mask-default-mask-seed0071.png;71
C:/Users/aliso/Documents/CIS663/recognition/Archive/new_with_mask/with-mask-default-mask-seed0072.png;72
C:/Users/aliso/Documents/CIS663/recognition/Archive/new_with_mask/with-mask-default-mask-seed0073.png;73
C:/Users/aliso/Documents/CIS663/recognition/Archive/new_with_mask/with-mask-default-mask-seed0074.png;74
C:/Users/aliso/Documents/CIS663/recognition/Archive/new_with_mask/with-mask-default-mask-seed0075.png;75
C:/Users/aliso/Documents/CIS663/recognition/Archive/new_with_mask/with-mask-default-mask-seed0076.png;76
C:/Users/aliso/Documents/CIS663/recognition/Archive/new_with_mask/with-mask-default-mask-seed0077.png;77
C:/Users/aliso/Documents/CIS663/recognition/Archive/new_with_mask/with-mask-default-mask-seed0078.png;78
C:/Users/aliso/Documents/CIS663/recognition/Archive/new_with_mask/with-mask-default-mask-seed0079.png;79
C:/Users/aliso/Documents/CIS663/recognition/Archive/new_with_mask/with-mask-default-mask-seed0080.png;80
C:/Users/aliso/Documents/CIS663/recognition/Archive/new_with_mask/with-mask-default-mask-seed0081.png;81
C:/Users/aliso/Documents/CIS663/recognition/Archive/new_with_mask/with-mask-default-mask-seed0082.png;82
C:/Users/aliso/Documents/CIS663/recognition/Archive/new_with_mask/with-mask-default-mask-seed0083.png;83
C:/Users/aliso/Documents/CIS663/recognition/Archive/new_with_mask/with-mask-default-mask-seed0084.png;84
C:/Users/aliso/Documents/CIS663/recognition/Archive/new_with_mask/with-mask-default-mask-seed0085.png;85
C:/Users/aliso/Documents/CIS663/recognition/Archive/new_with_mask/with-mask-default-mask-seed0086.png;86
C:/Users/aliso/Documents/CIS663/recognition/Archive/new_with_mask/with-mask-default-mask-seed0087.png;87
C:/Users/aliso/Documents/CIS663/recognition/Archive/new_with_mask/with-mask-default-mask-seed0088.png;88
C:/Users/aliso/Documents/CIS663/recognition/Archive/new_with_mask/with-mask-default-mask-seed0089.png;89
C:/Users/aliso/Documents/CIS663/recognition/Archive/new_with_mask/with-mask-default-mask-seed0090.png;90
C:/Users/aliso/Documents/CIS663/recognition/Archive/new_with_mask/with-mask-default-mask-seed0091.png;91
C:/Users/aliso/Documents/CIS663/recognition/Archive/new_with_mask/with-mask-default-mask-seed0092.png;92
C:/Users/aliso/Documents/CIS663/recognition/Archive/new_with_mask/with-mask-default-mask-seed0093.png;93
C:/Users/aliso/Documents/CIS663/recognition/Archive/new_with_mask/with-mask-default-mask-seed0094.png;94
C:/Users/aliso/Documents/CIS663/recognition/Archive/new_with_mask/with-mask-default-mask-seed0095.png;95
C:/Users/aliso/Documents/CIS663/recognition/Archive/new_with_mask/with-mask-default-mask-seed0096.png;96
C:/Users/aliso/Documents/CIS663/recognition/Archive/new_with_mask/with-mask-default-mask-seed0097.png;97
C:/Users/aliso/Documents/CIS663/recognition/Archive/new_with_mask/with-mask-default-mask-seed0098.png;98
C:/Users/aliso/Documents/CIS663/recognition/Archive/new_with_mask/with-mask-default-mask-seed0099.png;99
C:/Users/aliso/Documents/CIS663/recognition/Archive/new_with_mask/with-mask-default-mask-seed0100.png;100
C:/Users/aliso/Documents/CIS663/recognition/Archive/new_with_mask/with-mask-default-mask-seed0101.png;101
C:/Users/aliso/Documents/CIS663/recognition/Archive/new_with_mask/with-mask-default-mask-seed0102.png;102
C:/Users/aliso/Documents/CIS663/recognition/Archive/new_with_mask/with-mask-default-mask-seed0103.png;103
C:/Users/aliso/Documents/CIS663/recognition/Archive/new_with_mask/with-mask-default-mask-seed0104.png;104
C:/Users/aliso/Documents/CIS663/recognition/Archive/new_with_mask/with-mask-default-mask-seed0105.png;105
C:/Users/aliso/Documents/CIS663/recognition/Archive/new_with_mask/with-mask-default-mask-seed0106.png;106
C:/Users/aliso/Documents/CIS663/recognition/Archive/new_with_mask/with-mask-default-mask-seed0107.png;107
C:/Users/aliso/Documents/CIS663/recognition/Archive/new_with_mask/with-mask-default-mask-seed0108.png;108
C:/Users/aliso/Documents/CIS663/recognition/Archive/new_with_mask/with-mask-default-mask-seed0109.png;109
C:/Users/aliso/Documents/CIS663/recognition/Archive/new_with_mask/with-mask-default-mask-seed0110.png;110
C:/Users/aliso/Documents/CIS663/recognition/Archive/new_with_mask/with-mask-default-mask-seed0111.png;111
C:/Users/aliso/Documents/CIS663/recognition/Archive/new_with_mask/with-mask-default-mask-seed0112.png;112
C:/Users/aliso/Documents/CIS663/recognition/Archive/new_with_mask/with-mask-default-mask-seed0113.png;113
C:/Users/aliso/Documents/CIS663/recognition/Archive/new_with_mask/with-mask-default-mask-seed0114.png;114
C:/Users/aliso/Documents/CIS663/recognition/Archive/new_with_mask/with-mask-default-mask-seed0115.png;115
C:/Users/aliso/Documents/CIS663/recognition/Archive/new_with_mask/with-mask-default-mask-seed0116.png;116
C:/Users/aliso/Documents/CIS663/recognition/Archive/new_with_mask/with-mask-default-mask-seed0117.png;117
C:/Users/aliso/Documents/CIS663/recognition/Archive/new_with_mask/with-mask-default-mask-seed0118.png;118
C:/Users/aliso/Documents/CIS663/recognition/Archive/new_with_mask/with-mask-default-mask-seed0119.png;119
C:/Users/aliso/Documents/CIS663/recognition/Archive/new_with_mask/with-mask-default-mask-seed0120.png;120
C:/Users/aliso/Documents/CIS663/recognition/Archive/new_with_mask/with-mask-default-mask-seed0121.png;121
C:/Users/aliso/Documents/CIS663/recognition/Archive/new_with_mask/with-mask-default-mask-seed0122.png;122
C:/Users/aliso/Documents/CIS663/recognition/Archive/new_with_mask/with-mask-default-mask-seed0123.png;123
C:/Users/aliso/Documents/CIS663/recognition/Archive/new_with_mask/with-mask-default-mask-seed0124.png;124
C:/Users/aliso/Documents/CIS663/recognition/Archive/new_with_mask/with-mask-default-mask-seed0125.png;125
C:/Users/aliso/Documents/CIS663/recognition/Archive/new_with_mask/with-mask-default-mask-seed0126.png;126
C:/Users/aliso/Documents/CIS663/recognition/Archive/new_with_mask/with-mask-default-mask-seed0127.png;127
C:/Users/aliso/Documents/CIS663/recognition/Archive/new_with_mask/with-mask-default-mask-seed0128.png;128
C:/Users/aliso/Documents/CIS663/recognition/Archive/new_with_mask/with-mask-default-mask-seed0129.png;129
C:/Users/aliso/Documents/CIS663/recognition/Archive/new_with_mask/with-mask-default-mask-seed0130.png;130
C:/Users/aliso/Documents/CIS663/recognition/Archive/new_with_mask/with-mask-default-mask-seed0131.png;131
C:/Users/aliso/Documents/CIS663/recognition/Archive/new_with_mask/with-mask-default-mask-seed0132.png;132
C:/Users/aliso/Documents/CIS663/recognition/Archive/new_with_mask/with-mask-default-mask-seed0133.png;133
C:/Users/aliso/Documents/CIS663/recognition/Archive/new_with_mask/with-mask-default-mask-seed0134.png;134
C:/Users/aliso/Documents/CIS663/recognition/Archive/new_with_mask/with-mask-default-mask-seed0135.png;135
C:/Users/aliso/Documents/CIS663/recognition/Archive/new_with_mask/with-mask-default-mask-seed0136.png;136
C:/Users/aliso/Documents/CIS663/recognition/Archive/new_with_mask/with-mask-default-mask-seed0137.png;137
C:/Users/aliso/Documents/CIS663/recognition/Archive/new_with_mask/with-mask-default-mask-seed0138.png;138
C:/Users/aliso/Documents/CIS663/recognition/Archive/new_with_mask/with-mask-default-mask-seed0139.png;139
C:/Users/aliso/Documents/CIS663/recognition/Archive/new_with_mask/with-mask-default-mask-seed0140.png;140
C:/Users/aliso/Documents/CIS663/recognition/Archive/new_with_mask/with-mask-default-mask-seed0141.png;141
C:/Users/aliso/Documents/CIS663/recognition/Archive/new_with_mask/with-mask-default-mask-seed0142.png;142
C:/Users/aliso/Documents/CIS663/recognition/Archive/new_with_mask/with-mask-default-mask-seed0143.png;143
C:/Users/aliso/Documents/CIS663/recognition/Archive/new_with_mask/with-mask-default-mask-seed0144.png;144
C:/Users/aliso/Documents/CIS663/recognition/Archive/new_with_mask/with-mask-default-mask-seed0145.png;145
C:/Users/aliso/Documents/CIS663/recognition/Archive/new_with_mask/with-mask-default-mask-seed0146.png;146
C:/Users/aliso/Documents/CIS663/recognition/Archive/new_with_mask/with-mask-default-mask-seed0147.png;147
C:/Users/aliso/Documents/CIS663/recognition/Archive/new_with_mask/with-mask-default-mask-seed0148.png;148
C:/Users/aliso/Documents/CIS663/recognition/Archive/new_with_mask/with-mask-default-mask-seed0149.png;149
C:/Users/aliso/Documents/CIS663/recognition/Archive/new_with_mask/with-mask-default-mask-seed0150.png;150
C:/Users/aliso/Documents/CIS663/recognition/Archive/new_with_mask/with-mask-default-mask-seed0151.png;151
C:/Users/aliso/Documents/CIS663/recognition/Archive/new_with_mask/with-mask-default-mask-seed0152.png;152
C:/Users/aliso/Documents/CIS663/recognition/Archive/new_with_mask/with-mask-default-mask-seed0153.png;153
C:/Users/aliso/Documents/CIS663/recognition/Archive/new_with_mask/with-mask-default-mask-seed0154.png;154
C:/Users/aliso/Documents/CIS663/recognition/Archive/new_with_mask/with-mask-default-mask-seed0155.png;155
C:/Users/aliso/Documents/CIS663/recognition/Archive/new_with_mask/with-mask-default-mask-seed0156.png;156
C:/Users/aliso/Documents/CIS663/recognition/Archive/new_with_mask/with-mask-default-mask-seed0157.png;157
C:/Users/aliso/Documents/CIS663/recognition/Archive/new_with_mask/with-mask-default-mask-seed0158.png;158
C:/Users/aliso/Documents/CIS663/recognition/Archive/new_with_mask/with-mask-default-mask-seed0159.png;159
C:/Users/aliso/Documents/CIS663/recognition/Archive/new_with_mask/with-mask-default-mask-seed0160.png;160
C:/Users/aliso/Documents/CIS663/recognition/Archive/new_with_mask/with-mask-default-mask-seed0161.png;161
C:/Users/aliso/Documents/CIS663/recognition/Archive/new_with_mask/with-mask-default-mask-seed0162.png;162
C:/Users/aliso/Documents/CIS663/recognition/Archive/new_with_mask/with-mask-default-mask-seed0163.png;163
C:/Users/aliso/Documents/CIS663/recognition/Archive/new_with_mask/with-mask-default-mask-seed0164.png;164
C:/Users/aliso/Documents/CIS663/recognition/Archive/new_with_mask/with-mask-default-mask-seed0165.png;165
C:/Users/aliso/Documents/CIS663/recognition/Archive/new_with_mask/with-mask-default-mask-seed0166.png;166
C:/Users/aliso/Documents/CIS663/recognition/Archive/new_with_mask/with-mask-default-mask-seed0167.png;167
C:/Users/aliso/Documents/CIS663/recognition/Archive/new_with_mask/with-mask-default-mask-seed0168.png;168
C:/Users/aliso/Documents/CIS663/recognition/Archive/new_with_mask/with-mask-default-mask-seed0169.png;169
C:/Users/aliso/Documents/CIS663/recognition/Archive/new_with_mask/with-mask-default-mask-seed0170.png;170
C:/Users/aliso/Documents/CIS663/recognition/Archive/new_with_mask/with-mask-default-mask-seed0171.png;171
C:/Users/aliso/Documents/CIS663/recognition/Archive/new_with_mask/with-mask-default-mask-seed0172.png;172
C:/Users/aliso/Documents/CIS663/recognition/Archive/new_with_mask/with-mask-default-mask-seed0173.png;173
C:/Users/aliso/Documents/CIS663/recognition/Archive/new_with_mask/with-mask-default-mask-seed0174.png;174
C:/Users/aliso/Documents/CIS663/recognition/Archive/new_with_mask/with-mask-default-mask-seed0175.png;175
C:/Users/aliso/Documents/CIS663/recognition/Archive/new_with_mask/with-mask-default-mask-seed0176.png;176
C:/Users/aliso/Documents/CIS663/recognition/Archive/new_with_mask/with-mask-default-mask-seed0177.png;177
C:/Users/aliso/Documents/CIS663/recognition/Archive/new_with_mask/with-mask-default-mask-seed0178.png;178
C:/Users/aliso/Documents/CIS663/recognition/Archive/new_with_mask/with-mask-default-mask-seed0179.png;179
C:/Users/aliso/Documents/CIS663/recognition/Archive/new_with_mask/with-mask-default-mask-seed0180.png;180
C:/Users/aliso/Documents/CIS663/recognition/Archive/new_with_mask/with-mask-default-mask-seed0181.png;181
C:/Users/aliso/Documents/CIS663/recognition/Archive/new_with_mask/with-mask-default-mask-seed0182.png;182
C:/Users/aliso/Documents/CIS663/recognition/Archive/new_with_mask/with-mask-default-mask-seed0183.png;183
C:/Users/aliso/Documents/CIS663/recognition/Archive/new_with_mask/with-mask-default-mask-seed0184.png;184
C:/Users/aliso/Documents/CIS663/recognition/Archive/new_with_mask/with-mask-default-mask-seed0185.png;185
C:/Users/aliso/Documents/CIS663/recognition/Archive/new_with_mask/with-mask-default-mask-seed0186.png;186
C:/Users/aliso/Documents/CIS663/recognition/Archive/new_with_mask/with-mask-default-mask-seed0187.png;187
C:/Users/aliso/Documents/CIS663/recognition/Archive/new_with_mask/with-mask-default-mask-seed0188.png;188
C:/Users/aliso/Documents/CIS663/recognition/Archive/new_with_mask/with-mask-default-mask-seed0189.png;189
C:/Users/aliso/Documents/CIS663/recognition/Archive/new_with_mask/with-mask-default-mask-seed0190.png;190
C:/Users/aliso/Documents/CIS663/recognition/Archive/new_with_mask/with-mask-default-mask-seed0191.png;191
C:/Users/aliso/Documents/CIS663/recognition/Archive/new_with_mask/with-mask-default-mask-seed0192.png;192
C:/Users/aliso/Documents/CIS663/recognition/Archive/new_with_mask/with-mask-default-mask-seed0193.png;193
C:/Users/aliso/Documents/CIS663/recognition/Archive/new_with_mask/with-mask-default-mask-seed0194.png;194
C:/Users/aliso/Documents/CIS663/recognition/Archive/new_with_mask/with-mask-default-mask-seed0195.png;195
C:/Users/aliso/Documents/CIS663/recognition/Archive/new_with_mask/with-mask-default-mask-seed0196.png;196
C:/Users/aliso/Documents/CIS663/recognition/Archive/new_with_mask/with-mask-default-mask-seed0197.png;197
C:/Users/aliso/Documents/CIS663/recognition/Archive/new_with_mask/with-mask-default-mask-seed0198.png;198
C:/Users/aliso/Documents/CIS663/recognition/Archive/new_with_mask/with-mask-default-mask-seed0199.png;199
C:/Users/aliso/Documents/CIS663/recognition/Archive/new_with_mask/with-mask-default-mask-seed0200.png;200
C:/Users/aliso/Documents/CIS663/recognition/Archive/new_with_mask/with-mask-default-mask-seed0201.png;201
C:/Users/aliso/Documents/CIS663/recognition/Archive/new_with_mask/with-mask-default-mask-seed0202.png;202
C:/Users/aliso/Documents/CIS663/recognition/Archive/new_with_mask/with-mask-default-mask-seed0203.png;203
C:/Users/aliso/Documents/CIS663/recognition/Archive/new_with_mask/with-mask-default-mask-seed0204.png;204
C:/Users/aliso/Documents/CIS663/recognition/Archive/new_with_mask/with-mask-default-mask-seed0205.png;205
C:/Users/aliso/Documents/CIS663/recognition/Archive/new_with_mask/with-mask-default-mask-seed0206.png;206
C:/Users/aliso/Documents/CIS663/recognition/Archive/new_with_mask/with-mask-default-mask-seed0207.png;207
C:/Users/aliso/Documents/CIS663/recognition/Archive/new_with_mask/with-mask-default-mask-seed0208.png;208
C:/Users/aliso/Documents/CIS663/recognition/Archive/new_with_mask/with-mask-default-mask-seed0209.png;209
C:/Users/aliso/Documents/CIS663/recognition/Archive/new_with_mask/with-mask-default-mask-seed0210.png;210
C:/Users/aliso/Documents/CIS663/recognition/Archive/new_with_mask/with-mask-default-mask-seed0211.png;211
C:/Users/aliso/Documents/CIS663/recognition/Archive/new_with_mask/with-mask-default-mask-seed0212.png;212
C:/Users/aliso/Documents/CIS663/recognition/Archive/new_with_mask/with-mask-default-mask-seed0213.png;213
C:/Users/aliso/Documents/CIS663/recognition/Archive/new_with_mask/with-mask-default-mask-seed0214.png;214
C:/Users/aliso/Documents/CIS663/recognition/Archive/new_with_mask/with-mask-default-mask-seed0215.png;215
C:/Users/aliso/Documents/CIS663/recognition/Archive/new_with_mask/with-mask-default-mask-seed0216.png;216
C:/Users/aliso/Documents/CIS663/recognition/Archive/new_with_mask/with-mask-default-mask-seed0217.png;217
C:/Users/aliso/Documents/CIS663/recognition/Archive/new_with_mask/with-mask-default-mask-seed0218.png;218
C:/Users/aliso/Documents/CIS663/recognition/Archive/new_with_mask/with-mask-default-mask-seed0219.png;219
C:/Users/aliso/Documents/CIS663/recognition/Archive/new_with_mask/with-mask-default-mask-seed0220.png;220
C:/Users/aliso/Documents/CIS663/recognition/Archive/new_with_mask/with-mask-default-mask-seed0221.png;221
C:/Users/aliso/Documents/CIS663/recognition/Archive/new_with_mask/with-mask-default-mask-seed0222.png;222
C:/Users/aliso/Documents/CIS663/recognition/Archive/new_with_mask/with-mask-default-mask-seed0223.png;223
C:/Users/aliso/Documents/CIS663/recognition/Archive/new_with_mask/with-mask-default-mask-seed0224.png;224
C:/Users/aliso/Documents/CIS663/recognition/Archive/new_with_mask/with-mask-default-mask-seed0225.png;225
C:/Users/aliso/Documents/CIS663/recognition/Archive/new_with_mask/with-mask-default-mask-seed0226.png;226
C:/Users/aliso/Documents/CIS663/recognition/Archive/new_with_mask/with-mask-default-mask-seed0227.png;227
C:/Users/aliso/Documents/CIS663/recognition/Archive/new_with_mask/with-mask-default-mask-seed0228.png;228
C:/Users/aliso/Documents/CIS663/recognition/Archive/new_with_mask/with-mask-default-mask-seed0229.png;229
C:/Users/aliso/Documents/CIS663/recognition/Archive/new_with_mask/with-mask-default-mask-seed0230.png;230
C:/Users/aliso/Documents/CIS663/recognition/Archive/new_with_mask/with-mask-default-mask-seed0231.png;231
C:/Users/aliso/Documents/CIS663/recognition/Archive/new_with_mask/with-mask-default-mask-seed0232.png;232
C:/Users/aliso/Documents/CIS663/recognition/Archive/new_with_mask/with-mask-default-mask-seed0233.png;233
C:/Users/aliso/Documents/CIS663/recognition/Archive/new_with_mask/with-mask-default-mask-seed0234.png;234
C:/Users/aliso/Documents/CIS663/recognition/Archive/new_with_mask/with-mask-default-mask-seed0235.png;235
C:/Users/aliso/Documents/CIS663/recognition/Archive/new_with_mask/with-mask-default-mask-seed0236.png;236
C:/Users/aliso/Documents/CIS663/recognition/Archive/new_with_mask/with-mask-default-mask-seed0237.png;237
C:/Users/aliso/Documents/CIS663/recognition/Archive/new_with_mask/with-mask-default-mask-seed0238.png;238
C:/Users/aliso/Documents/CIS663/recognition/Archive/new_with_mask/with-mask-default-mask-seed0239.png;239
C:/Users/aliso/Documents/CIS663/recognition/Archive/new_with_mask/with-mask-default-mask-seed0240.png;240
C:/Users/aliso/Documents/CIS663/recognition/Archive/new_with_mask/with-mask-default-mask-seed0241.png;241
C:/Users/aliso/Documents/CIS663/recognition/Archive/new_with_mask/with-mask-default-mask-seed0242.png;242
C:/Users/aliso/Documents/CIS663/recognition/Archive/new_with_mask/with-mask-default-mask-seed0243.png;243
C:/Users/aliso/Documents/CIS663/recognition/Archive/new_with_mask/with-mask-default-mask-seed0244.png;244
C:/Users/aliso/Documents/CIS663/recognition/Archive/new_with_mask/with-mask-default-mask-seed0245.png;245
C:/Users/aliso/Documents/CIS663/recognition/Archive/new_with_mask/with-mask-default-mask-seed0246.png;246
C:/Users/aliso/Documents/CIS663/recognition/Archive/new_with_mask/with-mask-default-mask-seed0247.png;247
C:/Users/aliso/Documents/CIS663/recognition/Archive/new_with_mask/with-mask-default-mask-seed0248.png;248
C:/Users/aliso/Documents/CIS663/recognition/Archive/new_with_mask/with-mask-default-mask-seed0249.png;249
C:/Users/aliso/Documents/CIS663/recognition/Archive/new_with_mask/with-mask-default-mask-seed0250.png;250
C:/Users/aliso/Documents/CIS663/recognition/Archive/new_with_mask/with-mask-default-mask-seed0251.png;251
C:/Users/aliso/Documents/CIS663/recognition/Archive/new_with_mask/with-mask-default-mask-seed0252.png;252
C:/Users/aliso/Documents/CIS663/recognition/Archive/new_with_mask/with-mask-default-mask-seed0253.png;253
C:/Users/aliso/Documents/CIS663/recognition/Archive/new_with_mask/with-mask-default-mask-seed0254.png;254
C:/Users/aliso/Documents/CIS663/recognition/Archive/new_with_mask/with-mask-default-mask-seed0255.png;255
C:/Users/aliso/Documents/CIS663/recognition/Archive/new_with_mask/with-mask-default-mask-seed0256.png;256
C:/Users/aliso/Documents/CIS663/recognition/Archive/new_with_mask/with-mask-default-mask-seed0257.png;257
C:/Users/aliso/Documents/CIS663/recognition/Archive/new_with_mask/with-mask-default-mask-seed0258.png;258
C:/Users/aliso/Documents/CIS663/recognition/Archive/new_with_mask/with-mask-default-mask-seed0259.png;259
C:/Users/aliso/Documents/CIS663/recognition/Archive/new_with_mask/with-mask-default-mask-seed0260.png;260
C:/Users/aliso/Documents/CIS663/recognition/Archive/new_with_mask/with-mask-default-mask-seed0261.png;261
C:/Users/aliso/Documents/CIS663/recognition/Archive/new_with_mask/with-mask-default-mask-seed0262.png;262
C:/Users/aliso/Documents/CIS663/recognition/Archive/new_with_mask/with-mask-default-mask-seed0263.png;263
C:/Users/aliso/Documents/CIS663/recognition/Archive/new_with_mask/with-mask-default-mask-seed0264.png;264
C:/Users/aliso/Documents/CIS663/recognition/Archive/new_with_mask/with-mask-default-mask-seed0265.png;265
C:/Users/aliso/Documents/CIS663/recognition/Archive/new_with_mask/with-mask-default-mask-seed0266.png;266
C:/Users/aliso/Documents/CIS663/recognition/Archive/new_with_mask/with-mask-default-mask-seed0267.png;267
C:/Users/aliso/Documents/CIS663/recognition/Archive/new_with_mask/with-mask-default-mask-seed0268.png;268
C:/Users/aliso/Documents/CIS663/recognition/Archive/new_with_mask/with-mask-default-mask-seed0269.png;269
C:/Users/aliso/Documents/CIS663/recognition/Archive/new_with_mask/with-mask-default-mask-seed0270.png;270
C:/Users/aliso/Documents/CIS663/recognition/Archive/new_with_mask/with-mask-default-mask-seed0271.png;271
C:/Users/aliso/Documents/CIS663/recognition/Archive/new_with_mask/with-mask-default-mask-seed0272.png;272
C:/Users/aliso/Documents/CIS663/recognition/Archive/new_with_mask/with-mask-default-mask-seed0273.png;273
C:/Users/aliso/Documents/CIS663/recognition/Archive/new_with_mask/with-mask-default-mask-seed0274.png;274
C:/Users/aliso/Documents/CIS663/recognition/Archive/new_with_mask/with-mask-default-mask-seed0275.png;275
C:/Users/aliso/Documents/CIS663/recognition/Archive/new_with_mask/with-mask-default-mask-seed0276.png;276
C:/Users/aliso/Documents/CIS663/recognition/Archive/new_with_mask/with-mask-default-mask-seed0277.png;277
C:/Users/aliso/Documents/CIS663/recognition/Archive/new_with_mask/with-mask-default-mask-seed0278.png;278
C:/Users/aliso/Documents/CIS663/recognition/Archive/new_with_mask/with-mask-default-mask-seed0279.png;279
C:/Users/aliso/Documents/CIS663/recognition/Archive/new_with_mask/with-mask-default-mask-seed0280.png;280
C:/Users/aliso/Documents/CIS663/recognition/Archive/new_with_mask/with-mask-default-mask-seed0281.png;281
C:/Users/aliso/Documents/CIS663/recognition/Archive/new_with_mask/with-mask-default-mask-seed0282.png;282
C:/Users/aliso/Documents/CIS663/recognition/Archive/new_with_mask/with-mask-default-mask-seed0283.png;283
C:/Users/aliso/Documents/CIS663/recognition/Archive/new_with_mask/with-mask-default-mask-seed0284.png;284
C:/Users/aliso/Documents/CIS663/recognition/Archive/new_with_mask/with-mask-default-mask-seed0285.png;285
C:/Users/aliso/Documents/CIS663/recognition/Archive/new_with_mask/with-mask-default-mask-seed0286.png;286
C:/Users/aliso/Documents/CIS663/recognition/Archive/new_with_mask/with-mask-default-mask-seed0287.png;287
C:/Users/aliso/Documents/CIS663/recognition/Archive/new_with_mask/with-mask-default-mask-seed0288.png;288
C:/Users/aliso/Documents/CIS663/recognition/Archive/new_with_mask/with-mask-default-mask-seed0289.png;289
C:/Users/aliso/Documents/CIS663/recognition/Archive/new_with_mask/with-mask-default-mask-seed0290.png;290
C:/Users/aliso/Documents/CIS663/recognition/Archive/new_with_mask/with-mask-default-mask-seed0291.png;291
C:/Users/aliso/Documents/CIS663/recognition/Archive/new_with_mask/with-mask-default-mask-seed0292.png;292
C:/Users/aliso/Documents/CIS663/recognition/Archive/new_with_mask/with-mask-default-mask-seed0293.png;293
C:/Users/aliso/Documents/CIS663/recognition/Archive/new_with_mask/with-mask-default-mask-seed0294.png;294
C:/Users/aliso/Documents/CIS663/recognition/Archive/new_with_mask/with-mask-default-mask-seed0295.png;295
C:/Users/aliso/Documents/CIS663/recognition/Archive/new_with_mask/with-mask-default-mask-seed0296.png;296
C:/Users/aliso/Documents/CIS663/recognition/Archive/new_with_mask/with-mask-default-mask-seed0297.png;297
C:/Users/aliso/Documents/CIS663/recognition/Archive/new_with_mask/with-mask-default-mask-seed0298.png;298
C:/Users/aliso/Documents/CIS663/recognition/Archive/new_with_mask/with-mask-default-mask-seed0299.png;299
C:/Users/aliso/Documents/CIS663/recognition/Archive/new_with_mask/with-mask-default-mask-seed0300.png;300
C:/Users/aliso/Documents/CIS663/recognition/Archive/new_with_mask/with-mask-default-mask-seed0301.png;301
C:/Users/aliso/Documents/CIS663/recognition/Archive/new_with_mask/with-mask-default-mask-seed0302.png;302
C:/Users/aliso/Documents/CIS663/recognition/Archive/new_with_mask/with-mask-default-mask-seed0303.png;303
C:/Users/aliso/Documents/CIS663/recognition/Archive/new_with_mask/with-mask-default-mask-seed0304.png;304
C:/Users/aliso/Documents/CIS663/recognition/Archive/new_with_mask/with-mask-default-mask-seed0305.png;305
C:/Users/aliso/Documents/CIS663/recognition/Archive/new_with_mask/with-mask-default-mask-seed0306.png;306
C:/Users/aliso/Documents/CIS663/recognition/Archive/new_with_mask/with-mask-default-mask-seed0307.png;307
C:/Users/aliso/Documents/CIS663/recognition/Archive/new_with_mask/with-mask-default-mask-seed0308.png;308
C:/Users/aliso/Documents/CIS663/recognition/Archive/new_with_mask/with-mask-default-mask-seed0309.png;309
C:/Users/aliso/Documents/CIS663/recognition/Archive/new_with_mask/with-mask-default-mask-seed0310.png;310
C:/Users/aliso/Documents/CIS663/recognition/Archive/new_with_mask/with-mask-default-mask-seed0311.png;311
C:/Users/aliso/Documents/CIS663/recognition/Archive/new_with_mask/with-mask-default-mask-seed0312.png;312
C:/Users/aliso/Documents/CIS663/recognition/Archive/new_with_mask/with-mask-default-mask-seed0313.png;313
C:/Users/aliso/Documents/CIS663/recognition/Archive/new_with_mask/with-mask-default-mask-seed0314.png;314
C:/Users/aliso/Documents/CIS663/recognition/Archive/new_with_mask/with-mask-default-mask-seed0315.png;315
C:/Users/aliso/Documents/CIS663/recognition/Archive/new_with_mask/with-mask-default-mask-seed0316.png;316
C:/Users/aliso/Documents/CIS663/recognition/Archive/new_with_mask/with-mask-default-mask-seed0317.png;317
C:/Users/aliso/Documents/CIS663/recognition/Archive/new_with_mask/with-mask-default-mask-seed0318.png;318
C:/Users/aliso/Documents/CIS663/recognition/Archive/new_with_mask/with-mask-default-mask-seed0319.png;319
C:/Users/aliso/Documents/CIS663/recognition/Archive/new_with_mask/with-mask-default-mask-seed0320.png;320
C:/Users/aliso/Documents/CIS663/recognition/Archive/new_with_mask/with-mask-default-mask-seed0321.png;321
C:/Users/aliso/Documents/CIS663/recognition/Archive/new_with_mask/with-mask-default-mask-seed0322.png;322
C:/Users/aliso/Documents/CIS663/recognition/Archive/new_with_mask/with-mask-default-mask-seed0323.png;323
C:/Users/aliso/Documents/CIS663/recognition/Archive/new_with_mask/with-mask-default-mask-seed0324.png;324
C:/Users/aliso/Documents/CIS663/recognition/Archive/new_with_mask/with-mask-default-mask-seed0325.png;325
C:/Users/aliso/Documents/CIS663/recognition/Archive/new_with_mask/with-mask-default-mask-seed0326.png;326
C:/Users/aliso/Documents/CIS663/recognition/Archive/new_with_mask/with-mask-default-mask-seed0327.png;327
C:/Users/aliso/Documents/CIS663/recognition/Archive/new_with_mask/with-mask-default-mask-seed0328.png;328
C:/Users/aliso/Documents/CIS663/recognition/Archive/new_with_mask/with-mask-default-mask-seed0329.png;329
C:/Users/aliso/Documents/CIS663/recognition/Archive/new_with_mask/with-mask-default-mask-seed0330.png;330
C:/Users/aliso/Documents/CIS663/recognition/Archive/new_with_mask/with-mask-default-mask-seed0331.png;331
C:/Users/aliso/Documents/CIS663/recognition/Archive/new_with_mask/with-mask-default-mask-seed0332.png;332
C:/Users/aliso/Documents/CIS663/recognition/Archive/new_with_mask/with-mask-default-mask-seed0333.png;333
C:/Users/aliso/Documents/CIS663/recognition/Archive/new_with_mask/with-mask-default-mask-seed0334.png;334
C:/Users/aliso/Documents/CIS663/recognition/Archive/new_with_mask/with-mask-default-mask-seed0335.png;335
C:/Users/aliso/Documents/CIS663/recognition/Archive/new_with_mask/with-mask-default-mask-seed0336.png;336
C:/Users/aliso/Documents/CIS663/recognition/Archive/new_with_mask/with-mask-default-mask-seed0337.png;337
C:/Users/aliso/Documents/CIS663/recognition/Archive/new_with_mask/with-mask-default-mask-seed0338.png;338
C:/Users/aliso/Documents/CIS663/recognition/Archive/new_with_mask/with-mask-default-mask-seed0339.png;339
C:/Users/aliso/Documents/CIS663/recognition/Archive/new_with_mask/with-mask-default-mask-seed0340.png;340
C:/Users/aliso/Documents/CIS663/recognition/Archive/new_with_mask/with-mask-default-mask-seed0341.png;341
C:/Users/aliso/Documents/CIS663/recognition/Archive/new_with_mask/with-mask-default-mask-seed0342.png;342
C:/Users/aliso/Documents/CIS663/recognition/Archive/new_with_mask/with-mask-default-mask-seed0343.png;343
C:/Users/aliso/Documents/CIS663/recognition/Archive/new_with_mask/with-mask-default-mask-seed0344.png;344
C:/Users/aliso/Documents/CIS663/recognition/Archive/new_with_mask/with-mask-default-mask-seed0345.png;345
C:/Users/aliso/Documents/CIS663/recognition/Archive/new_with_mask/with-mask-default-mask-seed0346.png;346
C:/Users/aliso/Documents/CIS663/recognition/Archive/new_with_mask/with-mask-default-mask-seed0347.png;347
C:/Users/aliso/Documents/CIS663/recognition/Archive/new_with_mask/with-mask-default-mask-seed0348.png;348
C:/Users/aliso/Documents/CIS663/recognition/Archive/new_with_mask/with-mask-default-mask-seed0349.png;349
C:/Users/aliso/Documents/CIS663/recognition/Archive/new_with_mask/with-mask-default-mask-seed0350.png;350
C:/Users/aliso/Documents/CIS663/recognition/Archive/new_with_mask/with-mask-default-mask-seed0351.png;351
C:/Users/aliso/Documents/CIS663/recognition/Archive/new_with_mask/with-mask-default-mask-seed0352.png;352
C:/Users/aliso/Documents/CIS663/recognition/Archive/new_with_mask/with-mask-default-mask-seed0353.png;353
C:/Users/aliso/Documents/CIS663/recognition/Archive/new_with_mask/with-mask-default-mask-seed0354.png;354
C:/Users/aliso/Documents/CIS663/recognition/Archive/new_with_mask/with-mask-default-mask-seed0355.png;355
C:/Users/aliso/Documents/CIS663/recognition/Archive/new_with_mask/with-mask-default-mask-seed0356.png;356
C:/Users/aliso/Documents/CIS663/recognition/Archive/new_with_mask/with-mask-default-mask-seed0357.png;357
C:/Users/aliso/Documents/CIS663/recognition/Archive/new_with_mask/with-mask-default-mask-seed0358.png;358
C:/Users/aliso/Documents/CIS663/recognition/Archive/new_with_mask/with-mask-default-mask-seed0359.png;359
C:/Users/aliso/Documents/CIS663/recognition/Archive/new_with_mask/with-mask-default-mask-seed0360.png;360
C:/Users/aliso/Documents/CIS663/recognition/Archive/new_with_mask/with-mask-default-mask-seed0361.png;361
C:/Users/aliso/Documents/CIS663/recognition/Archive/new_with_mask/with-mask-default-mask-seed0362.png;362
C:/Users/aliso/Documents/CIS663/recognition/Archive/new_with_mask/with-mask-default-mask-seed0363.png;363
C:/Users/aliso/Documents/CIS663/recognition/Archive/new_with_mask/with-mask-default-mask-seed0364.png;364
C:/Users/aliso/Documents/CIS663/recognition/Archive/new_with_mask/with-mask-default-mask-seed0365.png;365
C:/Users/aliso/Documents/CIS663/recognition/Archive/new_with_mask/with-mask-default-mask-seed0366.png;366
C:/Users/aliso/Documents/CIS663/recognition/Archive/new_with_mask/with-mask-default-mask-seed0367.png;367
C:/Users/aliso/Documents/CIS663/recognition/Archive/new_with_mask/with-mask-default-mask-seed0368.png;368
C:/Users/aliso/Documents/CIS663/recognition/Archive/new_with_mask/with-mask-default-mask-seed0369.png;369
C:/Users/aliso/Documents/CIS663/recognition/Archive/new_with_mask/with-mask-default-mask-seed0370.png;370
C:/Users/aliso/Documents/CIS663/recognition/Archive/new_with_mask/with-mask-default-mask-seed0371.png;371
C:/Users/aliso/Documents/CIS663/recognition/Archive/new_with_mask/with-mask-default-mask-seed0372.png;372
C:/Users/aliso/Documents/CIS663/recognition/Archive/new_with_mask/with-mask-default-mask-seed0373.png;373
C:/Users/aliso/Documents/CIS663/recognition/Archive/new_with_mask/with-mask-default-mask-seed0374.png;374
C:/Users/aliso/Documents/CIS663/recognition/Archive/new_with_mask/with-mask-default-mask-seed0375.png;375
C:/Users/aliso/Documents/CIS663/recognition/Archive/new_with_mask/with-mask-default-mask-seed0376.png;376
C:/Users/aliso/Documents/CIS663/recognition/Archive/new_with_mask/with-mask-default-mask-seed0377.png;377
C:/Users/aliso/Documents/CIS663/recognition/Archive/new_with_mask/with-mask-default-mask-seed0378.png;378
C:/Users/aliso/Documents/CIS663/recognition/Archive/new_with_mask/with-mask-default-mask-seed0379.png;379
C:/Users/aliso/Documents/CIS663/recognition/Archive/new_with_mask/with-mask-default-mask-seed0380.png;380
C:/Users/aliso/Documents/CIS663/recognition/Archive/new_with_mask/with-mask-default-mask-seed0381.png;381
C:/Users/aliso/Documents/CIS663/recognition/Archive/new_with_mask/with-mask-default-mask-seed0382.png;382
C:/Users/aliso/Documents/CIS663/recognition/Archive/new_with_mask/with-mask-default-mask-seed0383.png;383
C:/Users/aliso/Documents/CIS663/recognition/Archive/new_with_mask/with-mask-default-mask-seed0384.png;384
C:/Users/aliso/Documents/CIS663/recognition/Archive/new_with_mask/with-mask-default-mask-seed0385.png;385
C:/Users/aliso/Documents/CIS663/recognition/Archive/new_with_mask/with-mask-default-mask-seed0386.png;386
C:/Users/aliso/Documents/CIS663/recognition/Archive/new_with_mask/with-mask-default-mask-seed0387.png;387
C:/Users/aliso/Documents/CIS663/recognition/Archive/new_with_mask/with-mask-default-mask-seed0388.png;388
C:/Users/aliso/Documents/CIS663/recognition/Archive/new_with_mask/with-mask-default-mask-seed0389.png;389
C:/Users/aliso/Documents/CIS663/recognition/Archive/new_with_mask/with-mask-default-mask-seed0390.png;390
C:/Users/aliso/Documents/CIS663/recognition/Archive/new_with_mask/with-mask-default-mask-seed0391.png;391
C:/Users/aliso/Documents/CIS663/recognition/Archive/new_with_mask/with-mask-default-mask-seed0392.png;392
C:/Users/aliso/Documents/CIS663/recognition/Archive/new_with_mask/with-mask-default-mask-seed0393.png;393
C:/Users/aliso/Documents/CIS663/recognition/Archive/new_with_mask/with-mask-default-mask-seed0394.png;394
C:/Users/aliso/Documents/CIS663/recognition/Archive/new_with_mask/with-mask-default-mask-seed0395.png;395
C:/Users/aliso/Documents/CIS663/recognition/Archive/new_with_mask/with-mask-default-mask-seed0396.png;396
C:/Users/aliso/Documents/CIS663/recognition/Archive/new_with_mask/with-mask-default-mask-seed0397.png;397
C:/Users/aliso/Documents/CIS663/recognition/Archive/new_with_mask/with-mask-default-mask-seed0398.png;398
C:/Users/aliso/Documents/CIS663/recognition/Archive/new_with_mask/with-mask-default-mask-seed0399.png;399
C:/Users/aliso/Documents/CIS663/recognition/Archive/new_with_mask/with-mask-default-mask-seed0400.png;400
C:/Users/aliso/Documents/CIS663/recognition/Archive/new_with_mask/with-mask-default-mask-seed0401.png;401
C:/Users/aliso/Documents/CIS663/recognition/Archive/new_with_mask/with-mask-default-mask-seed0402.png;402
C:/Users/aliso/Documents/CIS663/recognition/Archive/new_with_mask/with-mask-default-mask-seed0403.png;403
C:/Users/aliso/Documents/CIS663/recognition/Archive/new_with_mask/with-mask-default-mask-seed0404.png;404
C:/Users/aliso/Documents/CIS663/recognition/Archive/new_with_mask/with-mask-default-mask-seed0405.png;405
C:/Users/aliso/Documents/CIS663/recognition/Archive/new_with_mask/with-mask-default-mask-seed0406.png;406
C:/Users/aliso/Documents/CIS663/recognition/Archive/new_with_mask/with-mask-default-mask-seed0407.png;407
C:/Users/aliso/Documents/CIS663/recognition/Archive/new_with_mask/with-mask-default-mask-seed0408.png;408
C:/Users/aliso/Documents/CIS663/recognition/Archive/new_with_mask/with-mask-default-mask-seed0409.png;409
C:/Users/aliso/Documents/CIS663/recognition/Archive/new_with_mask/with-mask-default-mask-seed0410.png;410
C:/Users/aliso/Documents/CIS663/recognition/Archive/new_with_mask/with-mask-default-mask-seed0411.png;411
C:/Users/aliso/Documents/CIS663/recognition/Archive/new_with_mask/with-mask-default-mask-seed0412.png;412
C:/Users/aliso/Documents/CIS663/recognition/Archive/new_with_mask/with-mask-default-mask-seed0413.png;413
C:/Users/aliso/Documents/CIS663/recognition/Archive/new_with_mask/with-mask-default-mask-seed0414.png;414
C:/Users/aliso/Documents/CIS663/recognition/Archive/new_with_mask/with-mask-default-mask-seed0415.png;415
C:/Users/aliso/Documents/CIS663/recognition/Archive/new_with_mask/with-mask-default-mask-seed0416.png;416
C:/Users/aliso/Documents/CIS663/recognition/Archive/new_with_mask/with-mask-default-mask-seed0417.png;417
C:/Users/aliso/Documents/CIS663/recognition/Archive/new_with_mask/with-mask-default-mask-seed0418.png;418
C:/Users/aliso/Documents/CIS663/recognition/Archive/new_with_mask/with-mask-default-mask-seed0419.png;419
C:/Users/aliso/Documents/CIS663/recognition/Archive/new_with_mask/with-mask-default-mask-seed0420.png;420
C:/Users/aliso/Documents/CIS663/recognition/Archive/new_with_mask/with-mask-default-mask-seed0421.png;421
C:/Users/aliso/Documents/CIS663/recognition/Archive/new_with_mask/with-mask-default-mask-seed0422.png;422
C:/Users/aliso/Documents/CIS663/recognition/Archive/new_with_mask/with-mask-default-mask-seed0423.png;423
C:/Users/aliso/Documents/CIS663/recognition/Archive/new_with_mask/with-mask-default-mask-seed0424.png;424
C:/Users/aliso/Documents/CIS663/recognition/Archive/new_with_mask/with-mask-default-mask-seed0425.png;425
C:/Users/aliso/Documents/CIS663/recognition/Archive/new_with_mask/with-mask-default-mask-seed0426.png;426
C:/Users/aliso/Documents/CIS663/recognition/Archive/new_with_mask/with-mask-default-mask-seed0427.png;427
C:/Users/aliso/Documents/CIS663/recognition/Archive/new_with_mask/with-mask-default-mask-seed0428.png;428
C:/Users/aliso/Documents/CIS663/recognition/Archive/new_with_mask/with-mask-default-mask-seed0429.png;429
C:/Users/aliso/Documents/CIS663/recognition/Archive/new_with_mask/with-mask-default-mask-seed0430.png;430
C:/Users/aliso/Documents/CIS663/recognition/Archive/new_with_mask/with-mask-default-mask-seed0431.png;431
C:/Users/aliso/Documents/CIS663/recognition/Archive/new_with_mask/with-mask-default-mask-seed0432.png;432
C:/Users/aliso/Documents/CIS663/recognition/Archive/new_with_mask/with-mask-default-mask-seed0433.png;433
C:/Users/aliso/Documents/CIS663/recognition/Archive/new_with_mask/with-mask-default-mask-seed0434.png;434
C:/Users/aliso/Documents/CIS663/recognition/Archive/new_with_mask/with-mask-default-mask-seed0435.png;435
C:/Users/aliso/Documents/CIS663/recognition/Archive/new_with_mask/with-mask-default-mask-seed0436.png;436
C:/Users/aliso/Documents/CIS663/recognition/Archive/new_with_mask/with-mask-default-mask-seed0437.png;437
C:/Users/aliso/Documents/CIS663/recognition/Archive/new_with_mask/with-mask-default-mask-seed0438.png;438
C:/Users/aliso/Documents/CIS663/recognition/Archive/new_with_mask/with-mask-default-mask-seed0439.png;439
C:/Users/aliso/Documents/CIS663/recognition/Archive/new_with_mask/with-mask-default-mask-seed0440.png;440
C:/Users/aliso/Documents/CIS663/recognition/Archive/new_with_mask/with-mask-default-mask-seed0441.png;441
C:/Users/aliso/Documents/CIS663/recognition/Archive/new_with_mask/with-mask-default-mask-seed0442.png;442
C:/Users/aliso/Documents/CIS663/recognition/Archive/new_with_mask/with-mask-default-mask-seed0443.png;443
C:/Users/aliso/Documents/CIS663/recognition/Archive/new_with_mask/with-mask-default-mask-seed0444.png;444
C:/Users/aliso/Documents/CIS663/recognition/Archive/new_with_mask/with-mask-default-mask-seed0445.png;445
C:/Users/aliso/Documents/CIS663/recognition/Archive/new_with_mask/with-mask-default-mask-seed0446.png;446
C:/Users/aliso/Documents/CIS663/recognition/Archive/new_with_mask/with-mask-default-mask-seed0447.png;447
C:/Users/aliso/Documents/CIS663/recognition/Archive/new_with_mask/with-mask-default-mask-seed0448.png;448
C:/Users/aliso/Documents/CIS663/recognition/Archive/new_with_mask/with-mask-default-mask-seed0449.png;449
C:/Users/aliso/Documents/CIS663/recognition/Archive/new_with_mask/with-mask-default-mask-seed0450.png;450
C:/Users/aliso/Documents/CIS663/recognition/Archive/new_with_mask/with-mask-default-mask-seed0451.png;451
C:/Users/aliso/Documents/CIS663/recognition/Archive/new_with_mask/with-mask-default-mask-seed0452.png;452
C:/Users/aliso/Documents/CIS663/recognition/Archive/new_with_mask/with-mask-default-mask-seed0453.png;453
C:/Users/aliso/Documents/CIS663/recognition/Archive/new_with_mask/with-mask-default-mask-seed0454.png;454
C:/Users/aliso/Documents/CIS663/recognition/Archive/new_with_mask/with-mask-default-mask-seed0455.png;455
C:/Users/aliso/Documents/CIS663/recognition/Archive/new_with_mask/with-mask-default-mask-seed0456.png;456
C:/Users/aliso/Documents/CIS663/recognition/Archive/new_with_mask/with-mask-default-mask-seed0457.png;457
C:/Users/aliso/Documents/CIS663/recognition/Archive/new_with_mask/with-mask-default-mask-seed0458.png;458
C:/Users/aliso/Documents/CIS663/recognition/Archive/new_with_mask/with-mask-default-mask-seed0459.png;459
C:/Users/aliso/Documents/CIS663/recognition/Archive/new_with_mask/with-mask-default-mask-seed0460.png;460
C:/Users/aliso/Documents/CIS663/recognition/Archive/new_with_mask/with-mask-default-mask-seed0461.png;461
C:/Users/aliso/Documents/CIS663/recognition/Archive/new_with_mask/with-mask-default-mask-seed0462.png;462
C:/Users/aliso/Documents/CIS663/recognition/Archive/new_with_mask/with-mask-default-mask-seed0463.png;463
C:/Users/aliso/Documents/CIS663/recognition/Archive/new_with_mask/with-mask-default-mask-seed0464.png;464
C:/Users/aliso/Documents/CIS663/recognition/Archive/new_with_mask/with-mask-default-mask-seed0465.png;465
C:/Users/aliso/Documents/CIS663/recognition/Archive/new_with_mask/with-mask-default-mask-seed0466.png;466
C:/Users/aliso/Documents/CIS663/recognition/Archive/new_with_mask/with-mask-default-mask-seed0467.png;467
C:/Users/aliso/Documents/CIS663/recognition/Archive/new_with_mask/with-mask-default-mask-seed0468.png;468
C:/Users/aliso/Documents/CIS663/recognition/Archive/new_with_mask/with-mask-default-mask-seed0469.png;469
C:/Users/aliso/Documents/CIS663/recognition/Archive/new_with_mask/with-mask-default-mask-seed0470.png;470
C:/Users/aliso/Documents/CIS663/recognition/Archive/new_with_mask/with-mask-default-mask-seed0471.png;471
C:/Users/aliso/Documents/CIS663/recognition/Archive/new_with_mask/with-mask-default-mask-seed0472.png;472
C:/Users/aliso/Documents/CIS663/recognition/Archive/new_with_mask/with-mask-default-mask-seed0473.png;473
C:/Users/aliso/Documents/CIS663/recognition/Archive/new_with_mask/with-mask-default-mask-seed0474.png;474
C:/Users/aliso/Documents/CIS663/recognition/Archive/new_with_mask/with-mask-default-mask-seed0475.png;475
C:/Users/aliso/Documents/CIS663/recognition/Archive/new_with_mask/with-mask-default-mask-seed0476.png;476
C:/Users/aliso/Documents/CIS663/recognition/Archive/new_with_mask/with-mask-default-mask-seed0477.png;477
C:/Users/aliso/Documents/CIS663/recognition/Archive/new_with_mask/with-mask-default-mask-seed0478.png;478
C:/Users/aliso/Documents/CIS663/recognition/Archive/new_with_mask/with-mask-default-mask-seed0479.png;479
C:/Users/aliso/Documents/CIS663/recognition/Archive/new_with_mask/with-mask-default-mask-seed0480.png;480
C:/Users/aliso/Documents/CIS663/recognition/Archive/new_with_mask/with-mask-default-mask-seed0481.png;481
C:/Users/aliso/Documents/CIS663/recognition/Archive/new_with_mask/with-mask-default-mask-seed0482.png;482
C:/Users/aliso/Documents/CIS663/recognition/Archive/new_with_mask/with-mask-default-mask-seed0483.png;483
C:/Users/aliso/Documents/CIS663/recognition/Archive/new_with_mask/with-mask-default-mask-seed0484.png;484
C:/Users/aliso/Documents/CIS663/recognition/Archive/new_with_mask/with-mask-default-mask-seed0485.png;485
C:/Users/aliso/Documents/CIS663/recognition/Archive/new_with_mask/with-mask-default-mask-seed0486.png;486
C:/Users/aliso/Documents/CIS663/recognition/Archive/new_with_mask/with-mask-default-mask-seed0487.png;487
C:/Users/aliso/Documents/CIS663/recognition/Archive/new_with_mask/with-mask-default-mask-seed0488.png;488
C:/Users/aliso/Documents/CIS663/recognition/Archive/new_with_mask/with-mask-default-mask-seed0489.png;489
C:/Users/aliso/Documents/CIS663/recognition/Archive/new_with_mask/with-mask-default-mask-seed0490.png;490
C:/Users/aliso/Documents/CIS663/recognition/Archive/new_with_mask/with-mask-default-mask-seed0491.png;491
C:/Users/aliso/Documents/CIS663/recognition/Archive/new_with_mask/with-mask-default-mask-seed0492.png;492
C:/Users/aliso/Documents/CIS663/recognition/Archive/new_with_mask/with-mask-default-mask-seed0493.png;493
C:/Users/aliso/Documents/CIS663/recognition/Archive/new_with_mask/with-mask-default-mask-seed0494.png;494
C:/Users/aliso/Documents/CIS663/recognition/Archive/new_with_mask/with-mask-default-mask-seed0495.png;495
C:/Users/aliso/Documents/CIS663/recognition/Archive/new_with_mask/with-mask-default-mask-seed0496.png;496
C:/Users/aliso/Documents/CIS663/recognition/Archive/new_with_mask/with-mask-default-mask-seed0497.png;497
C:/Users/aliso/Documents/CIS663/recognition/Archive/new_with_mask/with-mask-default-mask-seed0498.png;498
C:/Users/aliso/Documents/CIS663/recognition/Archive/new_with_mask/with-mask-default-mask-seed0499.png;499
