C:\Users\aliso\Documents\CIS663\recognition\Archive\new_without_mask/seed0000.png;0
C:\Users\aliso\Documents\CIS663\recognition\Archive\new_without_mask/seed0001.png;1
C:\Users\aliso\Documents\CIS663\recognition\Archive\new_without_mask/seed0002.png;2
C:\Users\aliso\Documents\CIS663\recognition\Archive\new_without_mask/seed0003.png;3
C:\Users\aliso\Documents\CIS663\recognition\Archive\new_without_mask/seed0004.png;4
C:\Users\aliso\Documents\CIS663\recognition\Archive\new_without_mask/seed0005.png;5
C:\Users\aliso\Documents\CIS663\recognition\Archive\new_without_mask/seed0006.png;6
C:\Users\aliso\Documents\CIS663\recognition\Archive\new_without_mask/seed0007.png;7
C:\Users\aliso\Documents\CIS663\recognition\Archive\new_without_mask/seed0008.png;8
C:\Users\aliso\Documents\CIS663\recognition\Archive\new_without_mask/seed0009.png;9
C:\Users\aliso\Documents\CIS663\recognition\Archive\new_without_mask/seed0010.png;10
C:\Users\aliso\Documents\CIS663\recognition\Archive\new_without_mask/seed0011.png;11
C:\Users\aliso\Documents\CIS663\recognition\Archive\new_without_mask/seed0012.png;12
C:\Users\aliso\Documents\CIS663\recognition\Archive\new_without_mask/seed0013.png;13
C:\Users\aliso\Documents\CIS663\recognition\Archive\new_without_mask/seed0014.png;14
C:\Users\aliso\Documents\CIS663\recognition\Archive\new_without_mask/seed0015.png;15
C:\Users\aliso\Documents\CIS663\recognition\Archive\new_without_mask/seed0016.png;16
C:\Users\aliso\Documents\CIS663\recognition\Archive\new_without_mask/seed0017.png;17
C:\Users\aliso\Documents\CIS663\recognition\Archive\new_without_mask/seed0018.png;18
C:\Users\aliso\Documents\CIS663\recognition\Archive\new_without_mask/seed0019.png;19
C:\Users\aliso\Documents\CIS663\recognition\Archive\new_without_mask/seed0020.png;20
C:\Users\aliso\Documents\CIS663\recognition\Archive\new_without_mask/seed0021.png;21
C:\Users\aliso\Documents\CIS663\recognition\Archive\new_without_mask/seed0022.png;22
C:\Users\aliso\Documents\CIS663\recognition\Archive\new_without_mask/seed0023.png;23
C:\Users\aliso\Documents\CIS663\recognition\Archive\new_without_mask/seed0024.png;24
C:\Users\aliso\Documents\CIS663\recognition\Archive\new_without_mask/seed0025.png;25
C:\Users\aliso\Documents\CIS663\recognition\Archive\new_without_mask/seed0026.png;26
C:\Users\aliso\Documents\CIS663\recognition\Archive\new_without_mask/seed0027.png;27
C:\Users\aliso\Documents\CIS663\recognition\Archive\new_without_mask/seed0028.png;28
C:\Users\aliso\Documents\CIS663\recognition\Archive\new_without_mask/seed0029.png;29
C:\Users\aliso\Documents\CIS663\recognition\Archive\new_without_mask/seed0030.png;30
C:\Users\aliso\Documents\CIS663\recognition\Archive\new_without_mask/seed0031.png;31
C:\Users\aliso\Documents\CIS663\recognition\Archive\new_without_mask/seed0032.png;32
C:\Users\aliso\Documents\CIS663\recognition\Archive\new_without_mask/seed0033.png;33
C:\Users\aliso\Documents\CIS663\recognition\Archive\new_without_mask/seed0034.png;34
C:\Users\aliso\Documents\CIS663\recognition\Archive\new_without_mask/seed0035.png;35
C:\Users\aliso\Documents\CIS663\recognition\Archive\new_without_mask/seed0036.png;36
C:\Users\aliso\Documents\CIS663\recognition\Archive\new_without_mask/seed0037.png;37
C:\Users\aliso\Documents\CIS663\recognition\Archive\new_without_mask/seed0038.png;38
C:\Users\aliso\Documents\CIS663\recognition\Archive\new_without_mask/seed0039.png;39
C:\Users\aliso\Documents\CIS663\recognition\Archive\new_without_mask/seed0040.png;40
C:\Users\aliso\Documents\CIS663\recognition\Archive\new_without_mask/seed0041.png;41
C:\Users\aliso\Documents\CIS663\recognition\Archive\new_without_mask/seed0042.png;42
C:\Users\aliso\Documents\CIS663\recognition\Archive\new_without_mask/seed0043.png;43
C:\Users\aliso\Documents\CIS663\recognition\Archive\new_without_mask/seed0044.png;44
C:\Users\aliso\Documents\CIS663\recognition\Archive\new_without_mask/seed0045.png;45
C:\Users\aliso\Documents\CIS663\recognition\Archive\new_without_mask/seed0046.png;46
C:\Users\aliso\Documents\CIS663\recognition\Archive\new_without_mask/seed0047.png;47
C:\Users\aliso\Documents\CIS663\recognition\Archive\new_without_mask/seed0048.png;48
C:\Users\aliso\Documents\CIS663\recognition\Archive\new_without_mask/seed0049.png;49
C:\Users\aliso\Documents\CIS663\recognition\Archive\new_without_mask/seed0050.png;50
C:\Users\aliso\Documents\CIS663\recognition\Archive\new_without_mask/seed0051.png;51
C:\Users\aliso\Documents\CIS663\recognition\Archive\new_without_mask/seed0052.png;52
C:\Users\aliso\Documents\CIS663\recognition\Archive\new_without_mask/seed0053.png;53
C:\Users\aliso\Documents\CIS663\recognition\Archive\new_without_mask/seed0054.png;54
C:\Users\aliso\Documents\CIS663\recognition\Archive\new_without_mask/seed0055.png;55
C:\Users\aliso\Documents\CIS663\recognition\Archive\new_without_mask/seed0056.png;56
C:\Users\aliso\Documents\CIS663\recognition\Archive\new_without_mask/seed0057.png;57
C:\Users\aliso\Documents\CIS663\recognition\Archive\new_without_mask/seed0058.png;58
C:\Users\aliso\Documents\CIS663\recognition\Archive\new_without_mask/seed0059.png;59
C:\Users\aliso\Documents\CIS663\recognition\Archive\new_without_mask/seed0060.png;60
C:\Users\aliso\Documents\CIS663\recognition\Archive\new_without_mask/seed0061.png;61
C:\Users\aliso\Documents\CIS663\recognition\Archive\new_without_mask/seed0062.png;62
C:\Users\aliso\Documents\CIS663\recognition\Archive\new_without_mask/seed0063.png;63
C:\Users\aliso\Documents\CIS663\recognition\Archive\new_without_mask/seed0064.png;64
C:\Users\aliso\Documents\CIS663\recognition\Archive\new_without_mask/seed0065.png;65
C:\Users\aliso\Documents\CIS663\recognition\Archive\new_without_mask/seed0066.png;66
C:\Users\aliso\Documents\CIS663\recognition\Archive\new_without_mask/seed0067.png;67
C:\Users\aliso\Documents\CIS663\recognition\Archive\new_without_mask/seed0068.png;68
C:\Users\aliso\Documents\CIS663\recognition\Archive\new_without_mask/seed0069.png;69
C:\Users\aliso\Documents\CIS663\recognition\Archive\new_without_mask/seed0070.png;70
C:\Users\aliso\Documents\CIS663\recognition\Archive\new_without_mask/seed0071.png;71
C:\Users\aliso\Documents\CIS663\recognition\Archive\new_without_mask/seed0072.png;72
C:\Users\aliso\Documents\CIS663\recognition\Archive\new_without_mask/seed0073.png;73
C:\Users\aliso\Documents\CIS663\recognition\Archive\new_without_mask/seed0074.png;74
C:\Users\aliso\Documents\CIS663\recognition\Archive\new_without_mask/seed0075.png;75
C:\Users\aliso\Documents\CIS663\recognition\Archive\new_without_mask/seed0076.png;76
C:\Users\aliso\Documents\CIS663\recognition\Archive\new_without_mask/seed0077.png;77
C:\Users\aliso\Documents\CIS663\recognition\Archive\new_without_mask/seed0078.png;78
C:\Users\aliso\Documents\CIS663\recognition\Archive\new_without_mask/seed0079.png;79
C:\Users\aliso\Documents\CIS663\recognition\Archive\new_without_mask/seed0080.png;80
C:\Users\aliso\Documents\CIS663\recognition\Archive\new_without_mask/seed0081.png;81
C:\Users\aliso\Documents\CIS663\recognition\Archive\new_without_mask/seed0082.png;82
C:\Users\aliso\Documents\CIS663\recognition\Archive\new_without_mask/seed0083.png;83
C:\Users\aliso\Documents\CIS663\recognition\Archive\new_without_mask/seed0084.png;84
C:\Users\aliso\Documents\CIS663\recognition\Archive\new_without_mask/seed0085.png;85
C:\Users\aliso\Documents\CIS663\recognition\Archive\new_without_mask/seed0086.png;86
C:\Users\aliso\Documents\CIS663\recognition\Archive\new_without_mask/seed0087.png;87
C:\Users\aliso\Documents\CIS663\recognition\Archive\new_without_mask/seed0088.png;88
C:\Users\aliso\Documents\CIS663\recognition\Archive\new_without_mask/seed0089.png;89
C:\Users\aliso\Documents\CIS663\recognition\Archive\new_without_mask/seed0090.png;90
C:\Users\aliso\Documents\CIS663\recognition\Archive\new_without_mask/seed0091.png;91
C:\Users\aliso\Documents\CIS663\recognition\Archive\new_without_mask/seed0092.png;92
C:\Users\aliso\Documents\CIS663\recognition\Archive\new_without_mask/seed0093.png;93
C:\Users\aliso\Documents\CIS663\recognition\Archive\new_without_mask/seed0094.png;94
C:\Users\aliso\Documents\CIS663\recognition\Archive\new_without_mask/seed0095.png;95
C:\Users\aliso\Documents\CIS663\recognition\Archive\new_without_mask/seed0096.png;96
C:\Users\aliso\Documents\CIS663\recognition\Archive\new_without_mask/seed0097.png;97
C:\Users\aliso\Documents\CIS663\recognition\Archive\new_without_mask/seed0098.png;98
C:\Users\aliso\Documents\CIS663\recognition\Archive\new_without_mask/seed0099.png;99
C:\Users\aliso\Documents\CIS663\recognition\Archive\new_without_mask/seed0100.png;100
C:\Users\aliso\Documents\CIS663\recognition\Archive\new_without_mask/seed0101.png;101
C:\Users\aliso\Documents\CIS663\recognition\Archive\new_without_mask/seed0102.png;102
C:\Users\aliso\Documents\CIS663\recognition\Archive\new_without_mask/seed0103.png;103
C:\Users\aliso\Documents\CIS663\recognition\Archive\new_without_mask/seed0104.png;104
C:\Users\aliso\Documents\CIS663\recognition\Archive\new_without_mask/seed0105.png;105
C:\Users\aliso\Documents\CIS663\recognition\Archive\new_without_mask/seed0106.png;106
C:\Users\aliso\Documents\CIS663\recognition\Archive\new_without_mask/seed0107.png;107
C:\Users\aliso\Documents\CIS663\recognition\Archive\new_without_mask/seed0108.png;108
C:\Users\aliso\Documents\CIS663\recognition\Archive\new_without_mask/seed0109.png;109
C:\Users\aliso\Documents\CIS663\recognition\Archive\new_without_mask/seed0110.png;110
C:\Users\aliso\Documents\CIS663\recognition\Archive\new_without_mask/seed0111.png;111
C:\Users\aliso\Documents\CIS663\recognition\Archive\new_without_mask/seed0112.png;112
C:\Users\aliso\Documents\CIS663\recognition\Archive\new_without_mask/seed0113.png;113
C:\Users\aliso\Documents\CIS663\recognition\Archive\new_without_mask/seed0114.png;114
C:\Users\aliso\Documents\CIS663\recognition\Archive\new_without_mask/seed0115.png;115
C:\Users\aliso\Documents\CIS663\recognition\Archive\new_without_mask/seed0116.png;116
C:\Users\aliso\Documents\CIS663\recognition\Archive\new_without_mask/seed0117.png;117
C:\Users\aliso\Documents\CIS663\recognition\Archive\new_without_mask/seed0118.png;118
C:\Users\aliso\Documents\CIS663\recognition\Archive\new_without_mask/seed0119.png;119
C:\Users\aliso\Documents\CIS663\recognition\Archive\new_without_mask/seed0120.png;120
C:\Users\aliso\Documents\CIS663\recognition\Archive\new_without_mask/seed0121.png;121
C:\Users\aliso\Documents\CIS663\recognition\Archive\new_without_mask/seed0122.png;122
C:\Users\aliso\Documents\CIS663\recognition\Archive\new_without_mask/seed0123.png;123
C:\Users\aliso\Documents\CIS663\recognition\Archive\new_without_mask/seed0124.png;124
C:\Users\aliso\Documents\CIS663\recognition\Archive\new_without_mask/seed0125.png;125
C:\Users\aliso\Documents\CIS663\recognition\Archive\new_without_mask/seed0126.png;126
C:\Users\aliso\Documents\CIS663\recognition\Archive\new_without_mask/seed0127.png;127
C:\Users\aliso\Documents\CIS663\recognition\Archive\new_without_mask/seed0128.png;128
C:\Users\aliso\Documents\CIS663\recognition\Archive\new_without_mask/seed0129.png;129
C:\Users\aliso\Documents\CIS663\recognition\Archive\new_without_mask/seed0130.png;130
C:\Users\aliso\Documents\CIS663\recognition\Archive\new_without_mask/seed0131.png;131
C:\Users\aliso\Documents\CIS663\recognition\Archive\new_without_mask/seed0132.png;132
C:\Users\aliso\Documents\CIS663\recognition\Archive\new_without_mask/seed0133.png;133
C:\Users\aliso\Documents\CIS663\recognition\Archive\new_without_mask/seed0134.png;134
C:\Users\aliso\Documents\CIS663\recognition\Archive\new_without_mask/seed0135.png;135
C:\Users\aliso\Documents\CIS663\recognition\Archive\new_without_mask/seed0136.png;136
C:\Users\aliso\Documents\CIS663\recognition\Archive\new_without_mask/seed0137.png;137
C:\Users\aliso\Documents\CIS663\recognition\Archive\new_without_mask/seed0138.png;138
C:\Users\aliso\Documents\CIS663\recognition\Archive\new_without_mask/seed0139.png;139
C:\Users\aliso\Documents\CIS663\recognition\Archive\new_without_mask/seed0140.png;140
C:\Users\aliso\Documents\CIS663\recognition\Archive\new_without_mask/seed0141.png;141
C:\Users\aliso\Documents\CIS663\recognition\Archive\new_without_mask/seed0142.png;142
C:\Users\aliso\Documents\CIS663\recognition\Archive\new_without_mask/seed0143.png;143
C:\Users\aliso\Documents\CIS663\recognition\Archive\new_without_mask/seed0144.png;144
C:\Users\aliso\Documents\CIS663\recognition\Archive\new_without_mask/seed0145.png;145
C:\Users\aliso\Documents\CIS663\recognition\Archive\new_without_mask/seed0146.png;146
C:\Users\aliso\Documents\CIS663\recognition\Archive\new_without_mask/seed0147.png;147
C:\Users\aliso\Documents\CIS663\recognition\Archive\new_without_mask/seed0148.png;148
C:\Users\aliso\Documents\CIS663\recognition\Archive\new_without_mask/seed0149.png;149
C:\Users\aliso\Documents\CIS663\recognition\Archive\new_without_mask/seed0150.png;150
C:\Users\aliso\Documents\CIS663\recognition\Archive\new_without_mask/seed0151.png;151
C:\Users\aliso\Documents\CIS663\recognition\Archive\new_without_mask/seed0152.png;152
C:\Users\aliso\Documents\CIS663\recognition\Archive\new_without_mask/seed0153.png;153
C:\Users\aliso\Documents\CIS663\recognition\Archive\new_without_mask/seed0154.png;154
C:\Users\aliso\Documents\CIS663\recognition\Archive\new_without_mask/seed0155.png;155
C:\Users\aliso\Documents\CIS663\recognition\Archive\new_without_mask/seed0156.png;156
C:\Users\aliso\Documents\CIS663\recognition\Archive\new_without_mask/seed0157.png;157
C:\Users\aliso\Documents\CIS663\recognition\Archive\new_without_mask/seed0158.png;158
C:\Users\aliso\Documents\CIS663\recognition\Archive\new_without_mask/seed0159.png;159
C:\Users\aliso\Documents\CIS663\recognition\Archive\new_without_mask/seed0160.png;160
C:\Users\aliso\Documents\CIS663\recognition\Archive\new_without_mask/seed0161.png;161
C:\Users\aliso\Documents\CIS663\recognition\Archive\new_without_mask/seed0162.png;162
C:\Users\aliso\Documents\CIS663\recognition\Archive\new_without_mask/seed0163.png;163
C:\Users\aliso\Documents\CIS663\recognition\Archive\new_without_mask/seed0164.png;164
C:\Users\aliso\Documents\CIS663\recognition\Archive\new_without_mask/seed0165.png;165
C:\Users\aliso\Documents\CIS663\recognition\Archive\new_without_mask/seed0166.png;166
C:\Users\aliso\Documents\CIS663\recognition\Archive\new_without_mask/seed0167.png;167
C:\Users\aliso\Documents\CIS663\recognition\Archive\new_without_mask/seed0168.png;168
C:\Users\aliso\Documents\CIS663\recognition\Archive\new_without_mask/seed0169.png;169
C:\Users\aliso\Documents\CIS663\recognition\Archive\new_without_mask/seed0170.png;170
C:\Users\aliso\Documents\CIS663\recognition\Archive\new_without_mask/seed0171.png;171
C:\Users\aliso\Documents\CIS663\recognition\Archive\new_without_mask/seed0172.png;172
C:\Users\aliso\Documents\CIS663\recognition\Archive\new_without_mask/seed0173.png;173
C:\Users\aliso\Documents\CIS663\recognition\Archive\new_without_mask/seed0174.png;174
C:\Users\aliso\Documents\CIS663\recognition\Archive\new_without_mask/seed0175.png;175
C:\Users\aliso\Documents\CIS663\recognition\Archive\new_without_mask/seed0176.png;176
C:\Users\aliso\Documents\CIS663\recognition\Archive\new_without_mask/seed0177.png;177
C:\Users\aliso\Documents\CIS663\recognition\Archive\new_without_mask/seed0178.png;178
C:\Users\aliso\Documents\CIS663\recognition\Archive\new_without_mask/seed0179.png;179
C:\Users\aliso\Documents\CIS663\recognition\Archive\new_without_mask/seed0180.png;180
C:\Users\aliso\Documents\CIS663\recognition\Archive\new_without_mask/seed0181.png;181
C:\Users\aliso\Documents\CIS663\recognition\Archive\new_without_mask/seed0182.png;182
C:\Users\aliso\Documents\CIS663\recognition\Archive\new_without_mask/seed0183.png;183
C:\Users\aliso\Documents\CIS663\recognition\Archive\new_without_mask/seed0184.png;184
C:\Users\aliso\Documents\CIS663\recognition\Archive\new_without_mask/seed0185.png;185
C:\Users\aliso\Documents\CIS663\recognition\Archive\new_without_mask/seed0186.png;186
C:\Users\aliso\Documents\CIS663\recognition\Archive\new_without_mask/seed0187.png;187
C:\Users\aliso\Documents\CIS663\recognition\Archive\new_without_mask/seed0188.png;188
C:\Users\aliso\Documents\CIS663\recognition\Archive\new_without_mask/seed0189.png;189
C:\Users\aliso\Documents\CIS663\recognition\Archive\new_without_mask/seed0190.png;190
C:\Users\aliso\Documents\CIS663\recognition\Archive\new_without_mask/seed0191.png;191
C:\Users\aliso\Documents\CIS663\recognition\Archive\new_without_mask/seed0192.png;192
C:\Users\aliso\Documents\CIS663\recognition\Archive\new_without_mask/seed0193.png;193
C:\Users\aliso\Documents\CIS663\recognition\Archive\new_without_mask/seed0194.png;194
C:\Users\aliso\Documents\CIS663\recognition\Archive\new_without_mask/seed0195.png;195
C:\Users\aliso\Documents\CIS663\recognition\Archive\new_without_mask/seed0196.png;196
C:\Users\aliso\Documents\CIS663\recognition\Archive\new_without_mask/seed0197.png;197
C:\Users\aliso\Documents\CIS663\recognition\Archive\new_without_mask/seed0198.png;198
C:\Users\aliso\Documents\CIS663\recognition\Archive\new_without_mask/seed0199.png;199
C:\Users\aliso\Documents\CIS663\recognition\Archive\new_without_mask/seed0200.png;200
C:\Users\aliso\Documents\CIS663\recognition\Archive\new_without_mask/seed0201.png;201
C:\Users\aliso\Documents\CIS663\recognition\Archive\new_without_mask/seed0202.png;202
C:\Users\aliso\Documents\CIS663\recognition\Archive\new_without_mask/seed0203.png;203
C:\Users\aliso\Documents\CIS663\recognition\Archive\new_without_mask/seed0204.png;204
C:\Users\aliso\Documents\CIS663\recognition\Archive\new_without_mask/seed0205.png;205
C:\Users\aliso\Documents\CIS663\recognition\Archive\new_without_mask/seed0206.png;206
C:\Users\aliso\Documents\CIS663\recognition\Archive\new_without_mask/seed0207.png;207
C:\Users\aliso\Documents\CIS663\recognition\Archive\new_without_mask/seed0208.png;208
C:\Users\aliso\Documents\CIS663\recognition\Archive\new_without_mask/seed0209.png;209
C:\Users\aliso\Documents\CIS663\recognition\Archive\new_without_mask/seed0210.png;210
C:\Users\aliso\Documents\CIS663\recognition\Archive\new_without_mask/seed0211.png;211
C:\Users\aliso\Documents\CIS663\recognition\Archive\new_without_mask/seed0212.png;212
C:\Users\aliso\Documents\CIS663\recognition\Archive\new_without_mask/seed0213.png;213
C:\Users\aliso\Documents\CIS663\recognition\Archive\new_without_mask/seed0214.png;214
C:\Users\aliso\Documents\CIS663\recognition\Archive\new_without_mask/seed0215.png;215
C:\Users\aliso\Documents\CIS663\recognition\Archive\new_without_mask/seed0216.png;216
C:\Users\aliso\Documents\CIS663\recognition\Archive\new_without_mask/seed0217.png;217
C:\Users\aliso\Documents\CIS663\recognition\Archive\new_without_mask/seed0218.png;218
C:\Users\aliso\Documents\CIS663\recognition\Archive\new_without_mask/seed0219.png;219
C:\Users\aliso\Documents\CIS663\recognition\Archive\new_without_mask/seed0220.png;220
C:\Users\aliso\Documents\CIS663\recognition\Archive\new_without_mask/seed0221.png;221
C:\Users\aliso\Documents\CIS663\recognition\Archive\new_without_mask/seed0222.png;222
C:\Users\aliso\Documents\CIS663\recognition\Archive\new_without_mask/seed0223.png;223
C:\Users\aliso\Documents\CIS663\recognition\Archive\new_without_mask/seed0224.png;224
C:\Users\aliso\Documents\CIS663\recognition\Archive\new_without_mask/seed0225.png;225
C:\Users\aliso\Documents\CIS663\recognition\Archive\new_without_mask/seed0226.png;226
C:\Users\aliso\Documents\CIS663\recognition\Archive\new_without_mask/seed0227.png;227
C:\Users\aliso\Documents\CIS663\recognition\Archive\new_without_mask/seed0228.png;228
C:\Users\aliso\Documents\CIS663\recognition\Archive\new_without_mask/seed0229.png;229
C:\Users\aliso\Documents\CIS663\recognition\Archive\new_without_mask/seed0230.png;230
C:\Users\aliso\Documents\CIS663\recognition\Archive\new_without_mask/seed0231.png;231
C:\Users\aliso\Documents\CIS663\recognition\Archive\new_without_mask/seed0232.png;232
C:\Users\aliso\Documents\CIS663\recognition\Archive\new_without_mask/seed0233.png;233
C:\Users\aliso\Documents\CIS663\recognition\Archive\new_without_mask/seed0234.png;234
C:\Users\aliso\Documents\CIS663\recognition\Archive\new_without_mask/seed0235.png;235
C:\Users\aliso\Documents\CIS663\recognition\Archive\new_without_mask/seed0236.png;236
C:\Users\aliso\Documents\CIS663\recognition\Archive\new_without_mask/seed0237.png;237
C:\Users\aliso\Documents\CIS663\recognition\Archive\new_without_mask/seed0238.png;238
C:\Users\aliso\Documents\CIS663\recognition\Archive\new_without_mask/seed0239.png;239
C:\Users\aliso\Documents\CIS663\recognition\Archive\new_without_mask/seed0240.png;240
C:\Users\aliso\Documents\CIS663\recognition\Archive\new_without_mask/seed0241.png;241
C:\Users\aliso\Documents\CIS663\recognition\Archive\new_without_mask/seed0242.png;242
C:\Users\aliso\Documents\CIS663\recognition\Archive\new_without_mask/seed0243.png;243
C:\Users\aliso\Documents\CIS663\recognition\Archive\new_without_mask/seed0244.png;244
C:\Users\aliso\Documents\CIS663\recognition\Archive\new_without_mask/seed0245.png;245
C:\Users\aliso\Documents\CIS663\recognition\Archive\new_without_mask/seed0246.png;246
C:\Users\aliso\Documents\CIS663\recognition\Archive\new_without_mask/seed0247.png;247
C:\Users\aliso\Documents\CIS663\recognition\Archive\new_without_mask/seed0248.png;248
C:\Users\aliso\Documents\CIS663\recognition\Archive\new_without_mask/seed0249.png;249
C:\Users\aliso\Documents\CIS663\recognition\Archive\new_without_mask/seed0250.png;250
C:\Users\aliso\Documents\CIS663\recognition\Archive\new_without_mask/seed0251.png;251
C:\Users\aliso\Documents\CIS663\recognition\Archive\new_without_mask/seed0252.png;252
C:\Users\aliso\Documents\CIS663\recognition\Archive\new_without_mask/seed0253.png;253
C:\Users\aliso\Documents\CIS663\recognition\Archive\new_without_mask/seed0254.png;254
C:\Users\aliso\Documents\CIS663\recognition\Archive\new_without_mask/seed0255.png;255
C:\Users\aliso\Documents\CIS663\recognition\Archive\new_without_mask/seed0256.png;256
C:\Users\aliso\Documents\CIS663\recognition\Archive\new_without_mask/seed0257.png;257
C:\Users\aliso\Documents\CIS663\recognition\Archive\new_without_mask/seed0258.png;258
C:\Users\aliso\Documents\CIS663\recognition\Archive\new_without_mask/seed0259.png;259
C:\Users\aliso\Documents\CIS663\recognition\Archive\new_without_mask/seed0260.png;260
C:\Users\aliso\Documents\CIS663\recognition\Archive\new_without_mask/seed0261.png;261
C:\Users\aliso\Documents\CIS663\recognition\Archive\new_without_mask/seed0262.png;262
C:\Users\aliso\Documents\CIS663\recognition\Archive\new_without_mask/seed0263.png;263
C:\Users\aliso\Documents\CIS663\recognition\Archive\new_without_mask/seed0264.png;264
C:\Users\aliso\Documents\CIS663\recognition\Archive\new_without_mask/seed0265.png;265
C:\Users\aliso\Documents\CIS663\recognition\Archive\new_without_mask/seed0266.png;266
C:\Users\aliso\Documents\CIS663\recognition\Archive\new_without_mask/seed0267.png;267
C:\Users\aliso\Documents\CIS663\recognition\Archive\new_without_mask/seed0268.png;268
C:\Users\aliso\Documents\CIS663\recognition\Archive\new_without_mask/seed0269.png;269
C:\Users\aliso\Documents\CIS663\recognition\Archive\new_without_mask/seed0270.png;270
C:\Users\aliso\Documents\CIS663\recognition\Archive\new_without_mask/seed0271.png;271
C:\Users\aliso\Documents\CIS663\recognition\Archive\new_without_mask/seed0272.png;272
C:\Users\aliso\Documents\CIS663\recognition\Archive\new_without_mask/seed0273.png;273
C:\Users\aliso\Documents\CIS663\recognition\Archive\new_without_mask/seed0274.png;274
C:\Users\aliso\Documents\CIS663\recognition\Archive\new_without_mask/seed0275.png;275
C:\Users\aliso\Documents\CIS663\recognition\Archive\new_without_mask/seed0276.png;276
C:\Users\aliso\Documents\CIS663\recognition\Archive\new_without_mask/seed0277.png;277
C:\Users\aliso\Documents\CIS663\recognition\Archive\new_without_mask/seed0278.png;278
C:\Users\aliso\Documents\CIS663\recognition\Archive\new_without_mask/seed0279.png;279
C:\Users\aliso\Documents\CIS663\recognition\Archive\new_without_mask/seed0280.png;280
C:\Users\aliso\Documents\CIS663\recognition\Archive\new_without_mask/seed0281.png;281
C:\Users\aliso\Documents\CIS663\recognition\Archive\new_without_mask/seed0282.png;282
C:\Users\aliso\Documents\CIS663\recognition\Archive\new_without_mask/seed0283.png;283
C:\Users\aliso\Documents\CIS663\recognition\Archive\new_without_mask/seed0284.png;284
C:\Users\aliso\Documents\CIS663\recognition\Archive\new_without_mask/seed0285.png;285
C:\Users\aliso\Documents\CIS663\recognition\Archive\new_without_mask/seed0286.png;286
C:\Users\aliso\Documents\CIS663\recognition\Archive\new_without_mask/seed0287.png;287
C:\Users\aliso\Documents\CIS663\recognition\Archive\new_without_mask/seed0288.png;288
C:\Users\aliso\Documents\CIS663\recognition\Archive\new_without_mask/seed0289.png;289
C:\Users\aliso\Documents\CIS663\recognition\Archive\new_without_mask/seed0290.png;290
C:\Users\aliso\Documents\CIS663\recognition\Archive\new_without_mask/seed0291.png;291
C:\Users\aliso\Documents\CIS663\recognition\Archive\new_without_mask/seed0292.png;292
C:\Users\aliso\Documents\CIS663\recognition\Archive\new_without_mask/seed0293.png;293
C:\Users\aliso\Documents\CIS663\recognition\Archive\new_without_mask/seed0294.png;294
C:\Users\aliso\Documents\CIS663\recognition\Archive\new_without_mask/seed0295.png;295
C:\Users\aliso\Documents\CIS663\recognition\Archive\new_without_mask/seed0296.png;296
C:\Users\aliso\Documents\CIS663\recognition\Archive\new_without_mask/seed0297.png;297
C:\Users\aliso\Documents\CIS663\recognition\Archive\new_without_mask/seed0298.png;298
C:\Users\aliso\Documents\CIS663\recognition\Archive\new_without_mask/seed0299.png;299
C:\Users\aliso\Documents\CIS663\recognition\Archive\new_without_mask/seed0300.png;300
C:\Users\aliso\Documents\CIS663\recognition\Archive\new_without_mask/seed0301.png;301
C:\Users\aliso\Documents\CIS663\recognition\Archive\new_without_mask/seed0302.png;302
C:\Users\aliso\Documents\CIS663\recognition\Archive\new_without_mask/seed0303.png;303
C:\Users\aliso\Documents\CIS663\recognition\Archive\new_without_mask/seed0304.png;304
C:\Users\aliso\Documents\CIS663\recognition\Archive\new_without_mask/seed0305.png;305
C:\Users\aliso\Documents\CIS663\recognition\Archive\new_without_mask/seed0306.png;306
C:\Users\aliso\Documents\CIS663\recognition\Archive\new_without_mask/seed0307.png;307
C:\Users\aliso\Documents\CIS663\recognition\Archive\new_without_mask/seed0308.png;308
C:\Users\aliso\Documents\CIS663\recognition\Archive\new_without_mask/seed0309.png;309
C:\Users\aliso\Documents\CIS663\recognition\Archive\new_without_mask/seed0310.png;310
C:\Users\aliso\Documents\CIS663\recognition\Archive\new_without_mask/seed0311.png;311
C:\Users\aliso\Documents\CIS663\recognition\Archive\new_without_mask/seed0312.png;312
C:\Users\aliso\Documents\CIS663\recognition\Archive\new_without_mask/seed0313.png;313
C:\Users\aliso\Documents\CIS663\recognition\Archive\new_without_mask/seed0314.png;314
C:\Users\aliso\Documents\CIS663\recognition\Archive\new_without_mask/seed0315.png;315
C:\Users\aliso\Documents\CIS663\recognition\Archive\new_without_mask/seed0316.png;316
C:\Users\aliso\Documents\CIS663\recognition\Archive\new_without_mask/seed0317.png;317
C:\Users\aliso\Documents\CIS663\recognition\Archive\new_without_mask/seed0318.png;318
C:\Users\aliso\Documents\CIS663\recognition\Archive\new_without_mask/seed0319.png;319
C:\Users\aliso\Documents\CIS663\recognition\Archive\new_without_mask/seed0320.png;320
C:\Users\aliso\Documents\CIS663\recognition\Archive\new_without_mask/seed0321.png;321
C:\Users\aliso\Documents\CIS663\recognition\Archive\new_without_mask/seed0322.png;322
C:\Users\aliso\Documents\CIS663\recognition\Archive\new_without_mask/seed0323.png;323
C:\Users\aliso\Documents\CIS663\recognition\Archive\new_without_mask/seed0324.png;324
C:\Users\aliso\Documents\CIS663\recognition\Archive\new_without_mask/seed0325.png;325
C:\Users\aliso\Documents\CIS663\recognition\Archive\new_without_mask/seed0326.png;326
C:\Users\aliso\Documents\CIS663\recognition\Archive\new_without_mask/seed0327.png;327
C:\Users\aliso\Documents\CIS663\recognition\Archive\new_without_mask/seed0328.png;328
C:\Users\aliso\Documents\CIS663\recognition\Archive\new_without_mask/seed0329.png;329
C:\Users\aliso\Documents\CIS663\recognition\Archive\new_without_mask/seed0330.png;330
C:\Users\aliso\Documents\CIS663\recognition\Archive\new_without_mask/seed0331.png;331
C:\Users\aliso\Documents\CIS663\recognition\Archive\new_without_mask/seed0332.png;332
C:\Users\aliso\Documents\CIS663\recognition\Archive\new_without_mask/seed0333.png;333
C:\Users\aliso\Documents\CIS663\recognition\Archive\new_without_mask/seed0334.png;334
C:\Users\aliso\Documents\CIS663\recognition\Archive\new_without_mask/seed0335.png;335
C:\Users\aliso\Documents\CIS663\recognition\Archive\new_without_mask/seed0336.png;336
C:\Users\aliso\Documents\CIS663\recognition\Archive\new_without_mask/seed0337.png;337
C:\Users\aliso\Documents\CIS663\recognition\Archive\new_without_mask/seed0338.png;338
C:\Users\aliso\Documents\CIS663\recognition\Archive\new_without_mask/seed0339.png;339
C:\Users\aliso\Documents\CIS663\recognition\Archive\new_without_mask/seed0340.png;340
C:\Users\aliso\Documents\CIS663\recognition\Archive\new_without_mask/seed0341.png;341
C:\Users\aliso\Documents\CIS663\recognition\Archive\new_without_mask/seed0342.png;342
C:\Users\aliso\Documents\CIS663\recognition\Archive\new_without_mask/seed0343.png;343
C:\Users\aliso\Documents\CIS663\recognition\Archive\new_without_mask/seed0344.png;344
C:\Users\aliso\Documents\CIS663\recognition\Archive\new_without_mask/seed0345.png;345
C:\Users\aliso\Documents\CIS663\recognition\Archive\new_without_mask/seed0346.png;346
C:\Users\aliso\Documents\CIS663\recognition\Archive\new_without_mask/seed0347.png;347
C:\Users\aliso\Documents\CIS663\recognition\Archive\new_without_mask/seed0348.png;348
C:\Users\aliso\Documents\CIS663\recognition\Archive\new_without_mask/seed0349.png;349
C:\Users\aliso\Documents\CIS663\recognition\Archive\new_without_mask/seed0350.png;350
C:\Users\aliso\Documents\CIS663\recognition\Archive\new_without_mask/seed0351.png;351
C:\Users\aliso\Documents\CIS663\recognition\Archive\new_without_mask/seed0352.png;352
C:\Users\aliso\Documents\CIS663\recognition\Archive\new_without_mask/seed0353.png;353
C:\Users\aliso\Documents\CIS663\recognition\Archive\new_without_mask/seed0354.png;354
C:\Users\aliso\Documents\CIS663\recognition\Archive\new_without_mask/seed0355.png;355
C:\Users\aliso\Documents\CIS663\recognition\Archive\new_without_mask/seed0356.png;356
C:\Users\aliso\Documents\CIS663\recognition\Archive\new_without_mask/seed0357.png;357
C:\Users\aliso\Documents\CIS663\recognition\Archive\new_without_mask/seed0358.png;358
C:\Users\aliso\Documents\CIS663\recognition\Archive\new_without_mask/seed0359.png;359
C:\Users\aliso\Documents\CIS663\recognition\Archive\new_without_mask/seed0360.png;360
C:\Users\aliso\Documents\CIS663\recognition\Archive\new_without_mask/seed0361.png;361
C:\Users\aliso\Documents\CIS663\recognition\Archive\new_without_mask/seed0362.png;362
C:\Users\aliso\Documents\CIS663\recognition\Archive\new_without_mask/seed0363.png;363
C:\Users\aliso\Documents\CIS663\recognition\Archive\new_without_mask/seed0364.png;364
C:\Users\aliso\Documents\CIS663\recognition\Archive\new_without_mask/seed0365.png;365
C:\Users\aliso\Documents\CIS663\recognition\Archive\new_without_mask/seed0366.png;366
C:\Users\aliso\Documents\CIS663\recognition\Archive\new_without_mask/seed0367.png;367
C:\Users\aliso\Documents\CIS663\recognition\Archive\new_without_mask/seed0368.png;368
C:\Users\aliso\Documents\CIS663\recognition\Archive\new_without_mask/seed0369.png;369
C:\Users\aliso\Documents\CIS663\recognition\Archive\new_without_mask/seed0370.png;370
C:\Users\aliso\Documents\CIS663\recognition\Archive\new_without_mask/seed0371.png;371
C:\Users\aliso\Documents\CIS663\recognition\Archive\new_without_mask/seed0372.png;372
C:\Users\aliso\Documents\CIS663\recognition\Archive\new_without_mask/seed0373.png;373
C:\Users\aliso\Documents\CIS663\recognition\Archive\new_without_mask/seed0374.png;374
C:\Users\aliso\Documents\CIS663\recognition\Archive\new_without_mask/seed0375.png;375
C:\Users\aliso\Documents\CIS663\recognition\Archive\new_without_mask/seed0376.png;376
C:\Users\aliso\Documents\CIS663\recognition\Archive\new_without_mask/seed0377.png;377
C:\Users\aliso\Documents\CIS663\recognition\Archive\new_without_mask/seed0378.png;378
C:\Users\aliso\Documents\CIS663\recognition\Archive\new_without_mask/seed0379.png;379
C:\Users\aliso\Documents\CIS663\recognition\Archive\new_without_mask/seed0380.png;380
C:\Users\aliso\Documents\CIS663\recognition\Archive\new_without_mask/seed0381.png;381
C:\Users\aliso\Documents\CIS663\recognition\Archive\new_without_mask/seed0382.png;382
C:\Users\aliso\Documents\CIS663\recognition\Archive\new_without_mask/seed0383.png;383
C:\Users\aliso\Documents\CIS663\recognition\Archive\new_without_mask/seed0384.png;384
C:\Users\aliso\Documents\CIS663\recognition\Archive\new_without_mask/seed0385.png;385
C:\Users\aliso\Documents\CIS663\recognition\Archive\new_without_mask/seed0386.png;386
C:\Users\aliso\Documents\CIS663\recognition\Archive\new_without_mask/seed0387.png;387
C:\Users\aliso\Documents\CIS663\recognition\Archive\new_without_mask/seed0388.png;388
C:\Users\aliso\Documents\CIS663\recognition\Archive\new_without_mask/seed0389.png;389
C:\Users\aliso\Documents\CIS663\recognition\Archive\new_without_mask/seed0390.png;390
C:\Users\aliso\Documents\CIS663\recognition\Archive\new_without_mask/seed0391.png;391
C:\Users\aliso\Documents\CIS663\recognition\Archive\new_without_mask/seed0392.png;392
C:\Users\aliso\Documents\CIS663\recognition\Archive\new_without_mask/seed0393.png;393
C:\Users\aliso\Documents\CIS663\recognition\Archive\new_without_mask/seed0394.png;394
C:\Users\aliso\Documents\CIS663\recognition\Archive\new_without_mask/seed0395.png;395
C:\Users\aliso\Documents\CIS663\recognition\Archive\new_without_mask/seed0396.png;396
C:\Users\aliso\Documents\CIS663\recognition\Archive\new_without_mask/seed0397.png;397
C:\Users\aliso\Documents\CIS663\recognition\Archive\new_without_mask/seed0398.png;398
C:\Users\aliso\Documents\CIS663\recognition\Archive\new_without_mask/seed0399.png;399
C:\Users\aliso\Documents\CIS663\recognition\Archive\new_without_mask/seed0400.png;400
C:\Users\aliso\Documents\CIS663\recognition\Archive\new_without_mask/seed0401.png;401
C:\Users\aliso\Documents\CIS663\recognition\Archive\new_without_mask/seed0402.png;402
C:\Users\aliso\Documents\CIS663\recognition\Archive\new_without_mask/seed0403.png;403
C:\Users\aliso\Documents\CIS663\recognition\Archive\new_without_mask/seed0404.png;404
C:\Users\aliso\Documents\CIS663\recognition\Archive\new_without_mask/seed0405.png;405
C:\Users\aliso\Documents\CIS663\recognition\Archive\new_without_mask/seed0406.png;406
C:\Users\aliso\Documents\CIS663\recognition\Archive\new_without_mask/seed0407.png;407
C:\Users\aliso\Documents\CIS663\recognition\Archive\new_without_mask/seed0408.png;408
C:\Users\aliso\Documents\CIS663\recognition\Archive\new_without_mask/seed0409.png;409
C:\Users\aliso\Documents\CIS663\recognition\Archive\new_without_mask/seed0410.png;410
C:\Users\aliso\Documents\CIS663\recognition\Archive\new_without_mask/seed0411.png;411
C:\Users\aliso\Documents\CIS663\recognition\Archive\new_without_mask/seed0412.png;412
C:\Users\aliso\Documents\CIS663\recognition\Archive\new_without_mask/seed0413.png;413
C:\Users\aliso\Documents\CIS663\recognition\Archive\new_without_mask/seed0414.png;414
C:\Users\aliso\Documents\CIS663\recognition\Archive\new_without_mask/seed0415.png;415
C:\Users\aliso\Documents\CIS663\recognition\Archive\new_without_mask/seed0416.png;416
C:\Users\aliso\Documents\CIS663\recognition\Archive\new_without_mask/seed0417.png;417
C:\Users\aliso\Documents\CIS663\recognition\Archive\new_without_mask/seed0418.png;418
C:\Users\aliso\Documents\CIS663\recognition\Archive\new_without_mask/seed0419.png;419
C:\Users\aliso\Documents\CIS663\recognition\Archive\new_without_mask/seed0420.png;420
C:\Users\aliso\Documents\CIS663\recognition\Archive\new_without_mask/seed0421.png;421
C:\Users\aliso\Documents\CIS663\recognition\Archive\new_without_mask/seed0422.png;422
C:\Users\aliso\Documents\CIS663\recognition\Archive\new_without_mask/seed0423.png;423
C:\Users\aliso\Documents\CIS663\recognition\Archive\new_without_mask/seed0424.png;424
C:\Users\aliso\Documents\CIS663\recognition\Archive\new_without_mask/seed0425.png;425
C:\Users\aliso\Documents\CIS663\recognition\Archive\new_without_mask/seed0426.png;426
C:\Users\aliso\Documents\CIS663\recognition\Archive\new_without_mask/seed0427.png;427
C:\Users\aliso\Documents\CIS663\recognition\Archive\new_without_mask/seed0428.png;428
C:\Users\aliso\Documents\CIS663\recognition\Archive\new_without_mask/seed0429.png;429
C:\Users\aliso\Documents\CIS663\recognition\Archive\new_without_mask/seed0430.png;430
C:\Users\aliso\Documents\CIS663\recognition\Archive\new_without_mask/seed0431.png;431
C:\Users\aliso\Documents\CIS663\recognition\Archive\new_without_mask/seed0432.png;432
C:\Users\aliso\Documents\CIS663\recognition\Archive\new_without_mask/seed0433.png;433
C:\Users\aliso\Documents\CIS663\recognition\Archive\new_without_mask/seed0434.png;434
C:\Users\aliso\Documents\CIS663\recognition\Archive\new_without_mask/seed0435.png;435
C:\Users\aliso\Documents\CIS663\recognition\Archive\new_without_mask/seed0436.png;436
C:\Users\aliso\Documents\CIS663\recognition\Archive\new_without_mask/seed0437.png;437
C:\Users\aliso\Documents\CIS663\recognition\Archive\new_without_mask/seed0438.png;438
C:\Users\aliso\Documents\CIS663\recognition\Archive\new_without_mask/seed0439.png;439
C:\Users\aliso\Documents\CIS663\recognition\Archive\new_without_mask/seed0440.png;440
C:\Users\aliso\Documents\CIS663\recognition\Archive\new_without_mask/seed0441.png;441
C:\Users\aliso\Documents\CIS663\recognition\Archive\new_without_mask/seed0442.png;442
C:\Users\aliso\Documents\CIS663\recognition\Archive\new_without_mask/seed0443.png;443
C:\Users\aliso\Documents\CIS663\recognition\Archive\new_without_mask/seed0444.png;444
C:\Users\aliso\Documents\CIS663\recognition\Archive\new_without_mask/seed0445.png;445
C:\Users\aliso\Documents\CIS663\recognition\Archive\new_without_mask/seed0446.png;446
C:\Users\aliso\Documents\CIS663\recognition\Archive\new_without_mask/seed0447.png;447
C:\Users\aliso\Documents\CIS663\recognition\Archive\new_without_mask/seed0448.png;448
C:\Users\aliso\Documents\CIS663\recognition\Archive\new_without_mask/seed0449.png;449
C:\Users\aliso\Documents\CIS663\recognition\Archive\new_without_mask/seed0450.png;450
C:\Users\aliso\Documents\CIS663\recognition\Archive\new_without_mask/seed0451.png;451
C:\Users\aliso\Documents\CIS663\recognition\Archive\new_without_mask/seed0452.png;452
C:\Users\aliso\Documents\CIS663\recognition\Archive\new_without_mask/seed0453.png;453
C:\Users\aliso\Documents\CIS663\recognition\Archive\new_without_mask/seed0454.png;454
C:\Users\aliso\Documents\CIS663\recognition\Archive\new_without_mask/seed0455.png;455
C:\Users\aliso\Documents\CIS663\recognition\Archive\new_without_mask/seed0456.png;456
C:\Users\aliso\Documents\CIS663\recognition\Archive\new_without_mask/seed0457.png;457
C:\Users\aliso\Documents\CIS663\recognition\Archive\new_without_mask/seed0458.png;458
C:\Users\aliso\Documents\CIS663\recognition\Archive\new_without_mask/seed0459.png;459
C:\Users\aliso\Documents\CIS663\recognition\Archive\new_without_mask/seed0460.png;460
C:\Users\aliso\Documents\CIS663\recognition\Archive\new_without_mask/seed0461.png;461
C:\Users\aliso\Documents\CIS663\recognition\Archive\new_without_mask/seed0462.png;462
C:\Users\aliso\Documents\CIS663\recognition\Archive\new_without_mask/seed0463.png;463
C:\Users\aliso\Documents\CIS663\recognition\Archive\new_without_mask/seed0464.png;464
C:\Users\aliso\Documents\CIS663\recognition\Archive\new_without_mask/seed0465.png;465
C:\Users\aliso\Documents\CIS663\recognition\Archive\new_without_mask/seed0466.png;466
C:\Users\aliso\Documents\CIS663\recognition\Archive\new_without_mask/seed0467.png;467
C:\Users\aliso\Documents\CIS663\recognition\Archive\new_without_mask/seed0468.png;468
C:\Users\aliso\Documents\CIS663\recognition\Archive\new_without_mask/seed0469.png;469
C:\Users\aliso\Documents\CIS663\recognition\Archive\new_without_mask/seed0470.png;470
C:\Users\aliso\Documents\CIS663\recognition\Archive\new_without_mask/seed0471.png;471
C:\Users\aliso\Documents\CIS663\recognition\Archive\new_without_mask/seed0472.png;472
C:\Users\aliso\Documents\CIS663\recognition\Archive\new_without_mask/seed0473.png;473
C:\Users\aliso\Documents\CIS663\recognition\Archive\new_without_mask/seed0474.png;474
C:\Users\aliso\Documents\CIS663\recognition\Archive\new_without_mask/seed0475.png;475
C:\Users\aliso\Documents\CIS663\recognition\Archive\new_without_mask/seed0476.png;476
C:\Users\aliso\Documents\CIS663\recognition\Archive\new_without_mask/seed0477.png;477
C:\Users\aliso\Documents\CIS663\recognition\Archive\new_without_mask/seed0478.png;478
C:\Users\aliso\Documents\CIS663\recognition\Archive\new_without_mask/seed0479.png;479
C:\Users\aliso\Documents\CIS663\recognition\Archive\new_without_mask/seed0480.png;480
C:\Users\aliso\Documents\CIS663\recognition\Archive\new_without_mask/seed0481.png;481
C:\Users\aliso\Documents\CIS663\recognition\Archive\new_without_mask/seed0482.png;482
C:\Users\aliso\Documents\CIS663\recognition\Archive\new_without_mask/seed0483.png;483
C:\Users\aliso\Documents\CIS663\recognition\Archive\new_without_mask/seed0484.png;484
C:\Users\aliso\Documents\CIS663\recognition\Archive\new_without_mask/seed0485.png;485
C:\Users\aliso\Documents\CIS663\recognition\Archive\new_without_mask/seed0486.png;486
C:\Users\aliso\Documents\CIS663\recognition\Archive\new_without_mask/seed0487.png;487
C:\Users\aliso\Documents\CIS663\recognition\Archive\new_without_mask/seed0488.png;488
C:\Users\aliso\Documents\CIS663\recognition\Archive\new_without_mask/seed0489.png;489
C:\Users\aliso\Documents\CIS663\recognition\Archive\new_without_mask/seed0490.png;490
C:\Users\aliso\Documents\CIS663\recognition\Archive\new_without_mask/seed0491.png;491
C:\Users\aliso\Documents\CIS663\recognition\Archive\new_without_mask/seed0492.png;492
C:\Users\aliso\Documents\CIS663\recognition\Archive\new_without_mask/seed0493.png;493
C:\Users\aliso\Documents\CIS663\recognition\Archive\new_without_mask/seed0494.png;494
C:\Users\aliso\Documents\CIS663\recognition\Archive\new_without_mask/seed0495.png;495
C:\Users\aliso\Documents\CIS663\recognition\Archive\new_without_mask/seed0496.png;496
C:\Users\aliso\Documents\CIS663\recognition\Archive\new_without_mask/seed0497.png;497
C:\Users\aliso\Documents\CIS663\recognition\Archive\new_without_mask/seed0498.png;498
C:\Users\aliso\Documents\CIS663\recognition\Archive\new_without_mask/seed0499.png;499
C:\Users\aliso\Documents\CIS663\recognition\Archive\new_without_mask/seed0500.png;500
C:\Users\aliso\Documents\CIS663\recognition\Archive\new_without_mask/seed0501.png;501
C:\Users\aliso\Documents\CIS663\recognition\Archive\new_without_mask/seed0502.png;502
C:\Users\aliso\Documents\CIS663\recognition\Archive\new_without_mask/seed0503.png;503
C:\Users\aliso\Documents\CIS663\recognition\Archive\new_without_mask/seed0504.png;504
C:\Users\aliso\Documents\CIS663\recognition\Archive\new_without_mask/seed0505.png;505
C:\Users\aliso\Documents\CIS663\recognition\Archive\new_without_mask/seed0506.png;506
C:\Users\aliso\Documents\CIS663\recognition\Archive\new_without_mask/seed0507.png;507
C:\Users\aliso\Documents\CIS663\recognition\Archive\new_without_mask/seed0508.png;508
C:\Users\aliso\Documents\CIS663\recognition\Archive\new_without_mask/seed0509.png;509
C:\Users\aliso\Documents\CIS663\recognition\Archive\new_without_mask/seed0510.png;510
C:\Users\aliso\Documents\CIS663\recognition\Archive\new_without_mask/seed0511.png;511
C:\Users\aliso\Documents\CIS663\recognition\Archive\new_without_mask/seed0512.png;512
C:\Users\aliso\Documents\CIS663\recognition\Archive\new_without_mask/seed0513.png;513
C:\Users\aliso\Documents\CIS663\recognition\Archive\new_without_mask/seed0514.png;514
C:\Users\aliso\Documents\CIS663\recognition\Archive\new_without_mask/seed0515.png;515
C:\Users\aliso\Documents\CIS663\recognition\Archive\new_without_mask/seed0516.png;516
C:\Users\aliso\Documents\CIS663\recognition\Archive\new_without_mask/seed0517.png;517
C:\Users\aliso\Documents\CIS663\recognition\Archive\new_without_mask/seed0518.png;518
C:\Users\aliso\Documents\CIS663\recognition\Archive\new_without_mask/seed0519.png;519
C:\Users\aliso\Documents\CIS663\recognition\Archive\new_without_mask/seed0520.png;520
C:\Users\aliso\Documents\CIS663\recognition\Archive\new_without_mask/seed0521.png;521
C:\Users\aliso\Documents\CIS663\recognition\Archive\new_without_mask/seed0522.png;522
C:\Users\aliso\Documents\CIS663\recognition\Archive\new_without_mask/seed0523.png;523
C:\Users\aliso\Documents\CIS663\recognition\Archive\new_without_mask/seed0524.png;524
C:\Users\aliso\Documents\CIS663\recognition\Archive\new_without_mask/seed0525.png;525
C:\Users\aliso\Documents\CIS663\recognition\Archive\new_without_mask/seed0526.png;526
C:\Users\aliso\Documents\CIS663\recognition\Archive\new_without_mask/seed0527.png;527
C:\Users\aliso\Documents\CIS663\recognition\Archive\new_without_mask/seed0528.png;528
C:\Users\aliso\Documents\CIS663\recognition\Archive\new_without_mask/seed0529.png;529
C:\Users\aliso\Documents\CIS663\recognition\Archive\new_without_mask/seed0530.png;530
C:\Users\aliso\Documents\CIS663\recognition\Archive\new_without_mask/seed0531.png;531
C:\Users\aliso\Documents\CIS663\recognition\Archive\new_without_mask/seed0532.png;532
C:\Users\aliso\Documents\CIS663\recognition\Archive\new_without_mask/seed0533.png;533
C:\Users\aliso\Documents\CIS663\recognition\Archive\new_without_mask/seed0534.png;534
C:\Users\aliso\Documents\CIS663\recognition\Archive\new_without_mask/seed0535.png;535
C:\Users\aliso\Documents\CIS663\recognition\Archive\new_without_mask/seed0536.png;536
C:\Users\aliso\Documents\CIS663\recognition\Archive\new_without_mask/seed0537.png;537
C:\Users\aliso\Documents\CIS663\recognition\Archive\new_without_mask/seed0538.png;538
C:\Users\aliso\Documents\CIS663\recognition\Archive\new_without_mask/seed0539.png;539
C:\Users\aliso\Documents\CIS663\recognition\Archive\new_without_mask/seed0540.png;540
C:\Users\aliso\Documents\CIS663\recognition\Archive\new_without_mask/seed0541.png;541
C:\Users\aliso\Documents\CIS663\recognition\Archive\new_without_mask/seed0542.png;542
C:\Users\aliso\Documents\CIS663\recognition\Archive\new_without_mask/seed0543.png;543
C:\Users\aliso\Documents\CIS663\recognition\Archive\new_without_mask/seed0544.png;544
C:\Users\aliso\Documents\CIS663\recognition\Archive\new_without_mask/seed0545.png;545
C:\Users\aliso\Documents\CIS663\recognition\Archive\new_without_mask/seed0546.png;546
C:\Users\aliso\Documents\CIS663\recognition\Archive\new_without_mask/seed0547.png;547
C:\Users\aliso\Documents\CIS663\recognition\Archive\new_without_mask/seed0548.png;548
C:\Users\aliso\Documents\CIS663\recognition\Archive\new_without_mask/seed0549.png;549
C:\Users\aliso\Documents\CIS663\recognition\Archive\new_without_mask/seed0550.png;550
C:\Users\aliso\Documents\CIS663\recognition\Archive\new_without_mask/seed0551.png;551
C:\Users\aliso\Documents\CIS663\recognition\Archive\new_without_mask/seed0552.png;552
C:\Users\aliso\Documents\CIS663\recognition\Archive\new_without_mask/seed0553.png;553
C:\Users\aliso\Documents\CIS663\recognition\Archive\new_without_mask/seed0554.png;554
C:\Users\aliso\Documents\CIS663\recognition\Archive\new_without_mask/seed0555.png;555
C:\Users\aliso\Documents\CIS663\recognition\Archive\new_without_mask/seed0556.png;556
C:\Users\aliso\Documents\CIS663\recognition\Archive\new_without_mask/seed0557.png;557
C:\Users\aliso\Documents\CIS663\recognition\Archive\new_without_mask/seed0558.png;558
C:\Users\aliso\Documents\CIS663\recognition\Archive\new_without_mask/seed0559.png;559
C:\Users\aliso\Documents\CIS663\recognition\Archive\new_without_mask/seed0560.png;560
C:\Users\aliso\Documents\CIS663\recognition\Archive\new_without_mask/seed0561.png;561
C:\Users\aliso\Documents\CIS663\recognition\Archive\new_without_mask/seed0562.png;562
C:\Users\aliso\Documents\CIS663\recognition\Archive\new_without_mask/seed0563.png;563
C:\Users\aliso\Documents\CIS663\recognition\Archive\new_without_mask/seed0564.png;564
C:\Users\aliso\Documents\CIS663\recognition\Archive\new_without_mask/seed0565.png;565
C:\Users\aliso\Documents\CIS663\recognition\Archive\new_without_mask/seed0566.png;566
C:\Users\aliso\Documents\CIS663\recognition\Archive\new_without_mask/seed0567.png;567
C:\Users\aliso\Documents\CIS663\recognition\Archive\new_without_mask/seed0568.png;568
C:\Users\aliso\Documents\CIS663\recognition\Archive\new_without_mask/seed0569.png;569
C:\Users\aliso\Documents\CIS663\recognition\Archive\new_without_mask/seed0570.png;570
C:\Users\aliso\Documents\CIS663\recognition\Archive\new_without_mask/seed0571.png;571
C:\Users\aliso\Documents\CIS663\recognition\Archive\new_without_mask/seed0572.png;572
C:\Users\aliso\Documents\CIS663\recognition\Archive\new_without_mask/seed0573.png;573
C:\Users\aliso\Documents\CIS663\recognition\Archive\new_without_mask/seed0574.png;574
C:\Users\aliso\Documents\CIS663\recognition\Archive\new_without_mask/seed0575.png;575
C:\Users\aliso\Documents\CIS663\recognition\Archive\new_without_mask/seed0576.png;576
C:\Users\aliso\Documents\CIS663\recognition\Archive\new_without_mask/seed0577.png;577
C:\Users\aliso\Documents\CIS663\recognition\Archive\new_without_mask/seed0578.png;578
C:\Users\aliso\Documents\CIS663\recognition\Archive\new_without_mask/seed0579.png;579
C:\Users\aliso\Documents\CIS663\recognition\Archive\new_without_mask/seed0580.png;580
C:\Users\aliso\Documents\CIS663\recognition\Archive\new_without_mask/seed0581.png;581
C:\Users\aliso\Documents\CIS663\recognition\Archive\new_without_mask/seed0582.png;582
C:\Users\aliso\Documents\CIS663\recognition\Archive\new_without_mask/seed0583.png;583
C:\Users\aliso\Documents\CIS663\recognition\Archive\new_without_mask/seed0584.png;584
C:\Users\aliso\Documents\CIS663\recognition\Archive\new_without_mask/seed0585.png;585
C:\Users\aliso\Documents\CIS663\recognition\Archive\new_without_mask/seed0586.png;586
C:\Users\aliso\Documents\CIS663\recognition\Archive\new_without_mask/seed0587.png;587
C:\Users\aliso\Documents\CIS663\recognition\Archive\new_without_mask/seed0588.png;588
C:\Users\aliso\Documents\CIS663\recognition\Archive\new_without_mask/seed0589.png;589
C:\Users\aliso\Documents\CIS663\recognition\Archive\new_without_mask/seed0590.png;590
C:\Users\aliso\Documents\CIS663\recognition\Archive\new_without_mask/seed0591.png;591
C:\Users\aliso\Documents\CIS663\recognition\Archive\new_without_mask/seed0592.png;592
C:\Users\aliso\Documents\CIS663\recognition\Archive\new_without_mask/seed0593.png;593
C:\Users\aliso\Documents\CIS663\recognition\Archive\new_without_mask/seed0594.png;594
C:\Users\aliso\Documents\CIS663\recognition\Archive\new_without_mask/seed0595.png;595
C:\Users\aliso\Documents\CIS663\recognition\Archive\new_without_mask/seed0596.png;596
C:\Users\aliso\Documents\CIS663\recognition\Archive\new_without_mask/seed0597.png;597
C:\Users\aliso\Documents\CIS663\recognition\Archive\new_without_mask/seed0598.png;598
C:\Users\aliso\Documents\CIS663\recognition\Archive\new_without_mask/seed0599.png;599
C:\Users\aliso\Documents\CIS663\recognition\Archive\new_without_mask/seed0600.png;600
C:\Users\aliso\Documents\CIS663\recognition\Archive\new_without_mask/seed0601.png;601
C:\Users\aliso\Documents\CIS663\recognition\Archive\new_without_mask/seed0602.png;602
C:\Users\aliso\Documents\CIS663\recognition\Archive\new_without_mask/seed0603.png;603
C:\Users\aliso\Documents\CIS663\recognition\Archive\new_without_mask/seed0604.png;604
C:\Users\aliso\Documents\CIS663\recognition\Archive\new_without_mask/seed0605.png;605
C:\Users\aliso\Documents\CIS663\recognition\Archive\new_without_mask/seed0606.png;606
C:\Users\aliso\Documents\CIS663\recognition\Archive\new_without_mask/seed0607.png;607
C:\Users\aliso\Documents\CIS663\recognition\Archive\new_without_mask/seed0608.png;608
C:\Users\aliso\Documents\CIS663\recognition\Archive\new_without_mask/seed0609.png;609
C:\Users\aliso\Documents\CIS663\recognition\Archive\new_without_mask/seed0610.png;610
C:\Users\aliso\Documents\CIS663\recognition\Archive\new_without_mask/seed0611.png;611
C:\Users\aliso\Documents\CIS663\recognition\Archive\new_without_mask/seed0612.png;612
C:\Users\aliso\Documents\CIS663\recognition\Archive\new_without_mask/seed0613.png;613
C:\Users\aliso\Documents\CIS663\recognition\Archive\new_without_mask/seed0614.png;614
C:\Users\aliso\Documents\CIS663\recognition\Archive\new_without_mask/seed0615.png;615
C:\Users\aliso\Documents\CIS663\recognition\Archive\new_without_mask/seed0616.png;616
C:\Users\aliso\Documents\CIS663\recognition\Archive\new_without_mask/seed0617.png;617
C:\Users\aliso\Documents\CIS663\recognition\Archive\new_without_mask/seed0618.png;618
C:\Users\aliso\Documents\CIS663\recognition\Archive\new_without_mask/seed0619.png;619
C:\Users\aliso\Documents\CIS663\recognition\Archive\new_without_mask/seed0620.png;620
C:\Users\aliso\Documents\CIS663\recognition\Archive\new_without_mask/seed0621.png;621
C:\Users\aliso\Documents\CIS663\recognition\Archive\new_without_mask/seed0622.png;622
C:\Users\aliso\Documents\CIS663\recognition\Archive\new_without_mask/seed0623.png;623
C:\Users\aliso\Documents\CIS663\recognition\Archive\new_without_mask/seed0624.png;624
C:\Users\aliso\Documents\CIS663\recognition\Archive\new_without_mask/seed0625.png;625
C:\Users\aliso\Documents\CIS663\recognition\Archive\new_without_mask/seed0626.png;626
C:\Users\aliso\Documents\CIS663\recognition\Archive\new_without_mask/seed0627.png;627
C:\Users\aliso\Documents\CIS663\recognition\Archive\new_without_mask/seed0628.png;628
C:\Users\aliso\Documents\CIS663\recognition\Archive\new_without_mask/seed0629.png;629
C:\Users\aliso\Documents\CIS663\recognition\Archive\new_without_mask/seed0630.png;630
C:\Users\aliso\Documents\CIS663\recognition\Archive\new_without_mask/seed0631.png;631
C:\Users\aliso\Documents\CIS663\recognition\Archive\new_without_mask/seed0632.png;632
C:\Users\aliso\Documents\CIS663\recognition\Archive\new_without_mask/seed0633.png;633
C:\Users\aliso\Documents\CIS663\recognition\Archive\new_without_mask/seed0634.png;634
C:\Users\aliso\Documents\CIS663\recognition\Archive\new_without_mask/seed0635.png;635
C:\Users\aliso\Documents\CIS663\recognition\Archive\new_without_mask/seed0636.png;636
C:\Users\aliso\Documents\CIS663\recognition\Archive\new_without_mask/seed0637.png;637
C:\Users\aliso\Documents\CIS663\recognition\Archive\new_without_mask/seed0638.png;638
C:\Users\aliso\Documents\CIS663\recognition\Archive\new_without_mask/seed0639.png;639
C:\Users\aliso\Documents\CIS663\recognition\Archive\new_without_mask/seed0640.png;640
C:\Users\aliso\Documents\CIS663\recognition\Archive\new_without_mask/seed0641.png;641
C:\Users\aliso\Documents\CIS663\recognition\Archive\new_without_mask/seed0642.png;642
C:\Users\aliso\Documents\CIS663\recognition\Archive\new_without_mask/seed0643.png;643
C:\Users\aliso\Documents\CIS663\recognition\Archive\new_without_mask/seed0644.png;644
C:\Users\aliso\Documents\CIS663\recognition\Archive\new_without_mask/seed0645.png;645
C:\Users\aliso\Documents\CIS663\recognition\Archive\new_without_mask/seed0646.png;646
C:\Users\aliso\Documents\CIS663\recognition\Archive\new_without_mask/seed0647.png;647
C:\Users\aliso\Documents\CIS663\recognition\Archive\new_without_mask/seed0648.png;648
C:\Users\aliso\Documents\CIS663\recognition\Archive\new_without_mask/seed0649.png;649
C:\Users\aliso\Documents\CIS663\recognition\Archive\new_without_mask/seed0650.png;650
C:\Users\aliso\Documents\CIS663\recognition\Archive\new_without_mask/seed0651.png;651
C:\Users\aliso\Documents\CIS663\recognition\Archive\new_without_mask/seed0652.png;652
C:\Users\aliso\Documents\CIS663\recognition\Archive\new_without_mask/seed0653.png;653
C:\Users\aliso\Documents\CIS663\recognition\Archive\new_without_mask/seed0654.png;654
C:\Users\aliso\Documents\CIS663\recognition\Archive\new_without_mask/seed0655.png;655
C:\Users\aliso\Documents\CIS663\recognition\Archive\new_without_mask/seed0656.png;656
C:\Users\aliso\Documents\CIS663\recognition\Archive\new_without_mask/seed0657.png;657
C:\Users\aliso\Documents\CIS663\recognition\Archive\new_without_mask/seed0658.png;658
C:\Users\aliso\Documents\CIS663\recognition\Archive\new_without_mask/seed0659.png;659
C:\Users\aliso\Documents\CIS663\recognition\Archive\new_without_mask/seed0660.png;660
C:\Users\aliso\Documents\CIS663\recognition\Archive\new_without_mask/seed0661.png;661
C:\Users\aliso\Documents\CIS663\recognition\Archive\new_without_mask/seed0662.png;662
C:\Users\aliso\Documents\CIS663\recognition\Archive\new_without_mask/seed0663.png;663
C:\Users\aliso\Documents\CIS663\recognition\Archive\new_without_mask/seed0664.png;664
C:\Users\aliso\Documents\CIS663\recognition\Archive\new_without_mask/seed0665.png;665
C:\Users\aliso\Documents\CIS663\recognition\Archive\new_without_mask/seed0666.png;666
C:\Users\aliso\Documents\CIS663\recognition\Archive\new_without_mask/seed0667.png;667
C:\Users\aliso\Documents\CIS663\recognition\Archive\new_without_mask/seed0668.png;668
C:\Users\aliso\Documents\CIS663\recognition\Archive\new_without_mask/seed0669.png;669
C:\Users\aliso\Documents\CIS663\recognition\Archive\new_without_mask/seed0670.png;670
C:\Users\aliso\Documents\CIS663\recognition\Archive\new_without_mask/seed0671.png;671
C:\Users\aliso\Documents\CIS663\recognition\Archive\new_without_mask/seed0672.png;672
C:\Users\aliso\Documents\CIS663\recognition\Archive\new_without_mask/seed0673.png;673
C:\Users\aliso\Documents\CIS663\recognition\Archive\new_without_mask/seed0674.png;674
C:\Users\aliso\Documents\CIS663\recognition\Archive\new_without_mask/seed0675.png;675
C:\Users\aliso\Documents\CIS663\recognition\Archive\new_without_mask/seed0676.png;676
C:\Users\aliso\Documents\CIS663\recognition\Archive\new_without_mask/seed0677.png;677
C:\Users\aliso\Documents\CIS663\recognition\Archive\new_without_mask/seed0678.png;678
C:\Users\aliso\Documents\CIS663\recognition\Archive\new_without_mask/seed0679.png;679
C:\Users\aliso\Documents\CIS663\recognition\Archive\new_without_mask/seed0680.png;680
C:\Users\aliso\Documents\CIS663\recognition\Archive\new_without_mask/seed0681.png;681
C:\Users\aliso\Documents\CIS663\recognition\Archive\new_without_mask/seed0682.png;682
C:\Users\aliso\Documents\CIS663\recognition\Archive\new_without_mask/seed0683.png;683
C:\Users\aliso\Documents\CIS663\recognition\Archive\new_without_mask/seed0684.png;684
C:\Users\aliso\Documents\CIS663\recognition\Archive\new_without_mask/seed0685.png;685
C:\Users\aliso\Documents\CIS663\recognition\Archive\new_without_mask/seed0686.png;686
C:\Users\aliso\Documents\CIS663\recognition\Archive\new_without_mask/seed0687.png;687
C:\Users\aliso\Documents\CIS663\recognition\Archive\new_without_mask/seed0688.png;688
C:\Users\aliso\Documents\CIS663\recognition\Archive\new_without_mask/seed0689.png;689
C:\Users\aliso\Documents\CIS663\recognition\Archive\new_without_mask/seed0690.png;690
C:\Users\aliso\Documents\CIS663\recognition\Archive\new_without_mask/seed0691.png;691
C:\Users\aliso\Documents\CIS663\recognition\Archive\new_without_mask/seed0692.png;692
C:\Users\aliso\Documents\CIS663\recognition\Archive\new_without_mask/seed0693.png;693
C:\Users\aliso\Documents\CIS663\recognition\Archive\new_without_mask/seed0694.png;694
C:\Users\aliso\Documents\CIS663\recognition\Archive\new_without_mask/seed0695.png;695
C:\Users\aliso\Documents\CIS663\recognition\Archive\new_without_mask/seed0696.png;696
C:\Users\aliso\Documents\CIS663\recognition\Archive\new_without_mask/seed0697.png;697
C:\Users\aliso\Documents\CIS663\recognition\Archive\new_without_mask/seed0698.png;698
C:\Users\aliso\Documents\CIS663\recognition\Archive\new_without_mask/seed0699.png;699
C:\Users\aliso\Documents\CIS663\recognition\Archive\new_without_mask/seed0700.png;700
C:\Users\aliso\Documents\CIS663\recognition\Archive\new_without_mask/seed0701.png;701
C:\Users\aliso\Documents\CIS663\recognition\Archive\new_without_mask/seed0702.png;702
C:\Users\aliso\Documents\CIS663\recognition\Archive\new_without_mask/seed0703.png;703
C:\Users\aliso\Documents\CIS663\recognition\Archive\new_without_mask/seed0704.png;704
C:\Users\aliso\Documents\CIS663\recognition\Archive\new_without_mask/seed0705.png;705
C:\Users\aliso\Documents\CIS663\recognition\Archive\new_without_mask/seed0706.png;706
C:\Users\aliso\Documents\CIS663\recognition\Archive\new_without_mask/seed0707.png;707
C:\Users\aliso\Documents\CIS663\recognition\Archive\new_without_mask/seed0708.png;708
C:\Users\aliso\Documents\CIS663\recognition\Archive\new_without_mask/seed0709.png;709
C:\Users\aliso\Documents\CIS663\recognition\Archive\new_without_mask/seed0710.png;710
C:\Users\aliso\Documents\CIS663\recognition\Archive\new_without_mask/seed0711.png;711
C:\Users\aliso\Documents\CIS663\recognition\Archive\new_without_mask/seed0712.png;712
C:\Users\aliso\Documents\CIS663\recognition\Archive\new_without_mask/seed0713.png;713
C:\Users\aliso\Documents\CIS663\recognition\Archive\new_without_mask/seed0714.png;714
C:\Users\aliso\Documents\CIS663\recognition\Archive\new_without_mask/seed0715.png;715
C:\Users\aliso\Documents\CIS663\recognition\Archive\new_without_mask/seed0716.png;716
C:\Users\aliso\Documents\CIS663\recognition\Archive\new_without_mask/seed0717.png;717
C:\Users\aliso\Documents\CIS663\recognition\Archive\new_without_mask/seed0718.png;718
C:\Users\aliso\Documents\CIS663\recognition\Archive\new_without_mask/seed0719.png;719
C:\Users\aliso\Documents\CIS663\recognition\Archive\new_without_mask/seed0720.png;720
C:\Users\aliso\Documents\CIS663\recognition\Archive\new_without_mask/seed0721.png;721
C:\Users\aliso\Documents\CIS663\recognition\Archive\new_without_mask/seed0722.png;722
C:\Users\aliso\Documents\CIS663\recognition\Archive\new_without_mask/seed0723.png;723
C:\Users\aliso\Documents\CIS663\recognition\Archive\new_without_mask/seed0724.png;724
C:\Users\aliso\Documents\CIS663\recognition\Archive\new_without_mask/seed0725.png;725
C:\Users\aliso\Documents\CIS663\recognition\Archive\new_without_mask/seed0726.png;726
C:\Users\aliso\Documents\CIS663\recognition\Archive\new_without_mask/seed0727.png;727
C:\Users\aliso\Documents\CIS663\recognition\Archive\new_without_mask/seed0728.png;728
C:\Users\aliso\Documents\CIS663\recognition\Archive\new_without_mask/seed0729.png;729
C:\Users\aliso\Documents\CIS663\recognition\Archive\new_without_mask/seed0730.png;730
C:\Users\aliso\Documents\CIS663\recognition\Archive\new_without_mask/seed0731.png;731
C:\Users\aliso\Documents\CIS663\recognition\Archive\new_without_mask/seed0732.png;732
C:\Users\aliso\Documents\CIS663\recognition\Archive\new_without_mask/seed0733.png;733
C:\Users\aliso\Documents\CIS663\recognition\Archive\new_without_mask/seed0734.png;734
C:\Users\aliso\Documents\CIS663\recognition\Archive\new_without_mask/seed0735.png;735
C:\Users\aliso\Documents\CIS663\recognition\Archive\new_without_mask/seed0736.png;736
C:\Users\aliso\Documents\CIS663\recognition\Archive\new_without_mask/seed0737.png;737
C:\Users\aliso\Documents\CIS663\recognition\Archive\new_without_mask/seed0738.png;738
C:\Users\aliso\Documents\CIS663\recognition\Archive\new_without_mask/seed0739.png;739
C:\Users\aliso\Documents\CIS663\recognition\Archive\new_without_mask/seed0740.png;740
C:\Users\aliso\Documents\CIS663\recognition\Archive\new_without_mask/seed0741.png;741
C:\Users\aliso\Documents\CIS663\recognition\Archive\new_without_mask/seed0742.png;742
C:\Users\aliso\Documents\CIS663\recognition\Archive\new_without_mask/seed0743.png;743
C:\Users\aliso\Documents\CIS663\recognition\Archive\new_without_mask/seed0744.png;744
C:\Users\aliso\Documents\CIS663\recognition\Archive\new_without_mask/seed0745.png;745
C:\Users\aliso\Documents\CIS663\recognition\Archive\new_without_mask/seed0746.png;746
C:\Users\aliso\Documents\CIS663\recognition\Archive\new_without_mask/seed0747.png;747
C:\Users\aliso\Documents\CIS663\recognition\Archive\new_without_mask/seed0748.png;748
C:\Users\aliso\Documents\CIS663\recognition\Archive\new_without_mask/seed0749.png;749
C:\Users\aliso\Documents\CIS663\recognition\Archive\new_without_mask/seed0750.png;750
C:\Users\aliso\Documents\CIS663\recognition\Archive\new_without_mask/seed0751.png;751
C:\Users\aliso\Documents\CIS663\recognition\Archive\new_without_mask/seed0752.png;752
C:\Users\aliso\Documents\CIS663\recognition\Archive\new_without_mask/seed0753.png;753
C:\Users\aliso\Documents\CIS663\recognition\Archive\new_without_mask/seed0754.png;754
C:\Users\aliso\Documents\CIS663\recognition\Archive\new_without_mask/seed0755.png;755
C:\Users\aliso\Documents\CIS663\recognition\Archive\new_without_mask/seed0756.png;756
C:\Users\aliso\Documents\CIS663\recognition\Archive\new_without_mask/seed0757.png;757
C:\Users\aliso\Documents\CIS663\recognition\Archive\new_without_mask/seed0758.png;758
C:\Users\aliso\Documents\CIS663\recognition\Archive\new_without_mask/seed0759.png;759
C:\Users\aliso\Documents\CIS663\recognition\Archive\new_without_mask/seed0760.png;760
C:\Users\aliso\Documents\CIS663\recognition\Archive\new_without_mask/seed0761.png;761
C:\Users\aliso\Documents\CIS663\recognition\Archive\new_without_mask/seed0762.png;762
C:\Users\aliso\Documents\CIS663\recognition\Archive\new_without_mask/seed0763.png;763
C:\Users\aliso\Documents\CIS663\recognition\Archive\new_without_mask/seed0764.png;764
C:\Users\aliso\Documents\CIS663\recognition\Archive\new_without_mask/seed0765.png;765
C:\Users\aliso\Documents\CIS663\recognition\Archive\new_without_mask/seed0766.png;766
C:\Users\aliso\Documents\CIS663\recognition\Archive\new_without_mask/seed0767.png;767
C:\Users\aliso\Documents\CIS663\recognition\Archive\new_without_mask/seed0768.png;768
C:\Users\aliso\Documents\CIS663\recognition\Archive\new_without_mask/seed0769.png;769
C:\Users\aliso\Documents\CIS663\recognition\Archive\new_without_mask/seed0770.png;770
C:\Users\aliso\Documents\CIS663\recognition\Archive\new_without_mask/seed0771.png;771
C:\Users\aliso\Documents\CIS663\recognition\Archive\new_without_mask/seed0772.png;772
C:\Users\aliso\Documents\CIS663\recognition\Archive\new_without_mask/seed0773.png;773
C:\Users\aliso\Documents\CIS663\recognition\Archive\new_without_mask/seed0774.png;774
C:\Users\aliso\Documents\CIS663\recognition\Archive\new_without_mask/seed0775.png;775
C:\Users\aliso\Documents\CIS663\recognition\Archive\new_without_mask/seed0776.png;776
C:\Users\aliso\Documents\CIS663\recognition\Archive\new_without_mask/seed0777.png;777
C:\Users\aliso\Documents\CIS663\recognition\Archive\new_without_mask/seed0778.png;778
C:\Users\aliso\Documents\CIS663\recognition\Archive\new_without_mask/seed0779.png;779
C:\Users\aliso\Documents\CIS663\recognition\Archive\new_without_mask/seed0780.png;780
C:\Users\aliso\Documents\CIS663\recognition\Archive\new_without_mask/seed0781.png;781
C:\Users\aliso\Documents\CIS663\recognition\Archive\new_without_mask/seed0782.png;782
C:\Users\aliso\Documents\CIS663\recognition\Archive\new_without_mask/seed0783.png;783
C:\Users\aliso\Documents\CIS663\recognition\Archive\new_without_mask/seed0784.png;784
C:\Users\aliso\Documents\CIS663\recognition\Archive\new_without_mask/seed0785.png;785
C:\Users\aliso\Documents\CIS663\recognition\Archive\new_without_mask/seed0786.png;786
C:\Users\aliso\Documents\CIS663\recognition\Archive\new_without_mask/seed0787.png;787
C:\Users\aliso\Documents\CIS663\recognition\Archive\new_without_mask/seed0788.png;788
C:\Users\aliso\Documents\CIS663\recognition\Archive\new_without_mask/seed0789.png;789
C:\Users\aliso\Documents\CIS663\recognition\Archive\new_without_mask/seed0790.png;790
C:\Users\aliso\Documents\CIS663\recognition\Archive\new_without_mask/seed0791.png;791
C:\Users\aliso\Documents\CIS663\recognition\Archive\new_without_mask/seed0792.png;792
C:\Users\aliso\Documents\CIS663\recognition\Archive\new_without_mask/seed0793.png;793
C:\Users\aliso\Documents\CIS663\recognition\Archive\new_without_mask/seed0794.png;794
C:\Users\aliso\Documents\CIS663\recognition\Archive\new_without_mask/seed0795.png;795
C:\Users\aliso\Documents\CIS663\recognition\Archive\new_without_mask/seed0796.png;796
C:\Users\aliso\Documents\CIS663\recognition\Archive\new_without_mask/seed0797.png;797
C:\Users\aliso\Documents\CIS663\recognition\Archive\new_without_mask/seed0798.png;798
C:\Users\aliso\Documents\CIS663\recognition\Archive\new_without_mask/seed0799.png;799
C:\Users\aliso\Documents\CIS663\recognition\Archive\new_without_mask/seed0800.png;800
C:\Users\aliso\Documents\CIS663\recognition\Archive\new_without_mask/seed0801.png;801
C:\Users\aliso\Documents\CIS663\recognition\Archive\new_without_mask/seed0802.png;802
C:\Users\aliso\Documents\CIS663\recognition\Archive\new_without_mask/seed0803.png;803
C:\Users\aliso\Documents\CIS663\recognition\Archive\new_without_mask/seed0804.png;804
C:\Users\aliso\Documents\CIS663\recognition\Archive\new_without_mask/seed0805.png;805
C:\Users\aliso\Documents\CIS663\recognition\Archive\new_without_mask/seed0806.png;806
C:\Users\aliso\Documents\CIS663\recognition\Archive\new_without_mask/seed0807.png;807
C:\Users\aliso\Documents\CIS663\recognition\Archive\new_without_mask/seed0808.png;808
C:\Users\aliso\Documents\CIS663\recognition\Archive\new_without_mask/seed0809.png;809
C:\Users\aliso\Documents\CIS663\recognition\Archive\new_without_mask/seed0810.png;810
C:\Users\aliso\Documents\CIS663\recognition\Archive\new_without_mask/seed0811.png;811
C:\Users\aliso\Documents\CIS663\recognition\Archive\new_without_mask/seed0812.png;812
C:\Users\aliso\Documents\CIS663\recognition\Archive\new_without_mask/seed0813.png;813
C:\Users\aliso\Documents\CIS663\recognition\Archive\new_without_mask/seed0814.png;814
C:\Users\aliso\Documents\CIS663\recognition\Archive\new_without_mask/seed0815.png;815
C:\Users\aliso\Documents\CIS663\recognition\Archive\new_without_mask/seed0816.png;816
C:\Users\aliso\Documents\CIS663\recognition\Archive\new_without_mask/seed0817.png;817
C:\Users\aliso\Documents\CIS663\recognition\Archive\new_without_mask/seed0818.png;818
C:\Users\aliso\Documents\CIS663\recognition\Archive\new_without_mask/seed0819.png;819
C:\Users\aliso\Documents\CIS663\recognition\Archive\new_without_mask/seed0820.png;820
C:\Users\aliso\Documents\CIS663\recognition\Archive\new_without_mask/seed0821.png;821
C:\Users\aliso\Documents\CIS663\recognition\Archive\new_without_mask/seed0822.png;822
C:\Users\aliso\Documents\CIS663\recognition\Archive\new_without_mask/seed0823.png;823
C:\Users\aliso\Documents\CIS663\recognition\Archive\new_without_mask/seed0824.png;824
C:\Users\aliso\Documents\CIS663\recognition\Archive\new_without_mask/seed0825.png;825
C:\Users\aliso\Documents\CIS663\recognition\Archive\new_without_mask/seed0826.png;826
C:\Users\aliso\Documents\CIS663\recognition\Archive\new_without_mask/seed0827.png;827
C:\Users\aliso\Documents\CIS663\recognition\Archive\new_without_mask/seed0828.png;828
C:\Users\aliso\Documents\CIS663\recognition\Archive\new_without_mask/seed0829.png;829
C:\Users\aliso\Documents\CIS663\recognition\Archive\new_without_mask/seed0830.png;830
C:\Users\aliso\Documents\CIS663\recognition\Archive\new_without_mask/seed0831.png;831
C:\Users\aliso\Documents\CIS663\recognition\Archive\new_without_mask/seed0832.png;832
C:\Users\aliso\Documents\CIS663\recognition\Archive\new_without_mask/seed0833.png;833
C:\Users\aliso\Documents\CIS663\recognition\Archive\new_without_mask/seed0834.png;834
C:\Users\aliso\Documents\CIS663\recognition\Archive\new_without_mask/seed0835.png;835
C:\Users\aliso\Documents\CIS663\recognition\Archive\new_without_mask/seed0836.png;836
C:\Users\aliso\Documents\CIS663\recognition\Archive\new_without_mask/seed0837.png;837
C:\Users\aliso\Documents\CIS663\recognition\Archive\new_without_mask/seed0838.png;838
C:\Users\aliso\Documents\CIS663\recognition\Archive\new_without_mask/seed0839.png;839
C:\Users\aliso\Documents\CIS663\recognition\Archive\new_without_mask/seed0840.png;840
C:\Users\aliso\Documents\CIS663\recognition\Archive\new_without_mask/seed0841.png;841
C:\Users\aliso\Documents\CIS663\recognition\Archive\new_without_mask/seed0842.png;842
C:\Users\aliso\Documents\CIS663\recognition\Archive\new_without_mask/seed0843.png;843
C:\Users\aliso\Documents\CIS663\recognition\Archive\new_without_mask/seed0844.png;844
C:\Users\aliso\Documents\CIS663\recognition\Archive\new_without_mask/seed0845.png;845
C:\Users\aliso\Documents\CIS663\recognition\Archive\new_without_mask/seed0846.png;846
C:\Users\aliso\Documents\CIS663\recognition\Archive\new_without_mask/seed0847.png;847
C:\Users\aliso\Documents\CIS663\recognition\Archive\new_without_mask/seed0848.png;848
C:\Users\aliso\Documents\CIS663\recognition\Archive\new_without_mask/seed0849.png;849
C:\Users\aliso\Documents\CIS663\recognition\Archive\new_without_mask/seed0850.png;850
C:\Users\aliso\Documents\CIS663\recognition\Archive\new_without_mask/seed0851.png;851
C:\Users\aliso\Documents\CIS663\recognition\Archive\new_without_mask/seed0852.png;852
C:\Users\aliso\Documents\CIS663\recognition\Archive\new_without_mask/seed0853.png;853
C:\Users\aliso\Documents\CIS663\recognition\Archive\new_without_mask/seed0854.png;854
C:\Users\aliso\Documents\CIS663\recognition\Archive\new_without_mask/seed0855.png;855
C:\Users\aliso\Documents\CIS663\recognition\Archive\new_without_mask/seed0856.png;856
C:\Users\aliso\Documents\CIS663\recognition\Archive\new_without_mask/seed0857.png;857
C:\Users\aliso\Documents\CIS663\recognition\Archive\new_without_mask/seed0858.png;858
C:\Users\aliso\Documents\CIS663\recognition\Archive\new_without_mask/seed0859.png;859
C:\Users\aliso\Documents\CIS663\recognition\Archive\new_without_mask/seed0860.png;860
C:\Users\aliso\Documents\CIS663\recognition\Archive\new_without_mask/seed0861.png;861
C:\Users\aliso\Documents\CIS663\recognition\Archive\new_without_mask/seed0862.png;862
C:\Users\aliso\Documents\CIS663\recognition\Archive\new_without_mask/seed0863.png;863
C:\Users\aliso\Documents\CIS663\recognition\Archive\new_without_mask/seed0864.png;864
C:\Users\aliso\Documents\CIS663\recognition\Archive\new_without_mask/seed0865.png;865
C:\Users\aliso\Documents\CIS663\recognition\Archive\new_without_mask/seed0866.png;866
C:\Users\aliso\Documents\CIS663\recognition\Archive\new_without_mask/seed0867.png;867
C:\Users\aliso\Documents\CIS663\recognition\Archive\new_without_mask/seed0868.png;868
C:\Users\aliso\Documents\CIS663\recognition\Archive\new_without_mask/seed0869.png;869
C:\Users\aliso\Documents\CIS663\recognition\Archive\new_without_mask/seed0870.png;870
C:\Users\aliso\Documents\CIS663\recognition\Archive\new_without_mask/seed0871.png;871
C:\Users\aliso\Documents\CIS663\recognition\Archive\new_without_mask/seed0872.png;872
C:\Users\aliso\Documents\CIS663\recognition\Archive\new_without_mask/seed0873.png;873
C:\Users\aliso\Documents\CIS663\recognition\Archive\new_without_mask/seed0874.png;874
C:\Users\aliso\Documents\CIS663\recognition\Archive\new_without_mask/seed0875.png;875
C:\Users\aliso\Documents\CIS663\recognition\Archive\new_without_mask/seed0876.png;876
C:\Users\aliso\Documents\CIS663\recognition\Archive\new_without_mask/seed0877.png;877
C:\Users\aliso\Documents\CIS663\recognition\Archive\new_without_mask/seed0878.png;878
C:\Users\aliso\Documents\CIS663\recognition\Archive\new_without_mask/seed0879.png;879
C:\Users\aliso\Documents\CIS663\recognition\Archive\new_without_mask/seed0880.png;880
C:\Users\aliso\Documents\CIS663\recognition\Archive\new_without_mask/seed0881.png;881
C:\Users\aliso\Documents\CIS663\recognition\Archive\new_without_mask/seed0882.png;882
C:\Users\aliso\Documents\CIS663\recognition\Archive\new_without_mask/seed0883.png;883
C:\Users\aliso\Documents\CIS663\recognition\Archive\new_without_mask/seed0884.png;884
C:\Users\aliso\Documents\CIS663\recognition\Archive\new_without_mask/seed0885.png;885
C:\Users\aliso\Documents\CIS663\recognition\Archive\new_without_mask/seed0886.png;886
C:\Users\aliso\Documents\CIS663\recognition\Archive\new_without_mask/seed0887.png;887
C:\Users\aliso\Documents\CIS663\recognition\Archive\new_without_mask/seed0888.png;888
C:\Users\aliso\Documents\CIS663\recognition\Archive\new_without_mask/seed0889.png;889
C:\Users\aliso\Documents\CIS663\recognition\Archive\new_without_mask/seed0890.png;890
C:\Users\aliso\Documents\CIS663\recognition\Archive\new_without_mask/seed0891.png;891
C:\Users\aliso\Documents\CIS663\recognition\Archive\new_without_mask/seed0892.png;892
C:\Users\aliso\Documents\CIS663\recognition\Archive\new_without_mask/seed0893.png;893
C:\Users\aliso\Documents\CIS663\recognition\Archive\new_without_mask/seed0894.png;894
C:\Users\aliso\Documents\CIS663\recognition\Archive\new_without_mask/seed0895.png;895
C:\Users\aliso\Documents\CIS663\recognition\Archive\new_without_mask/seed0896.png;896
C:\Users\aliso\Documents\CIS663\recognition\Archive\new_without_mask/seed0897.png;897
C:\Users\aliso\Documents\CIS663\recognition\Archive\new_without_mask/seed0898.png;898
C:\Users\aliso\Documents\CIS663\recognition\Archive\new_without_mask/seed0899.png;899
C:\Users\aliso\Documents\CIS663\recognition\Archive\new_without_mask/seed0900.png;900
C:\Users\aliso\Documents\CIS663\recognition\Archive\new_without_mask/seed0901.png;901
C:\Users\aliso\Documents\CIS663\recognition\Archive\new_without_mask/seed0902.png;902
C:\Users\aliso\Documents\CIS663\recognition\Archive\new_without_mask/seed0903.png;903
C:\Users\aliso\Documents\CIS663\recognition\Archive\new_without_mask/seed0904.png;904
C:\Users\aliso\Documents\CIS663\recognition\Archive\new_without_mask/seed0905.png;905
C:\Users\aliso\Documents\CIS663\recognition\Archive\new_without_mask/seed0906.png;906
C:\Users\aliso\Documents\CIS663\recognition\Archive\new_without_mask/seed0907.png;907
C:\Users\aliso\Documents\CIS663\recognition\Archive\new_without_mask/seed0908.png;908
C:\Users\aliso\Documents\CIS663\recognition\Archive\new_without_mask/seed0909.png;909
C:\Users\aliso\Documents\CIS663\recognition\Archive\new_without_mask/seed0910.png;910
C:\Users\aliso\Documents\CIS663\recognition\Archive\new_without_mask/seed0911.png;911
C:\Users\aliso\Documents\CIS663\recognition\Archive\new_without_mask/seed0912.png;912
C:\Users\aliso\Documents\CIS663\recognition\Archive\new_without_mask/seed0913.png;913
C:\Users\aliso\Documents\CIS663\recognition\Archive\new_without_mask/seed0914.png;914
C:\Users\aliso\Documents\CIS663\recognition\Archive\new_without_mask/seed0915.png;915
C:\Users\aliso\Documents\CIS663\recognition\Archive\new_without_mask/seed0916.png;916
C:\Users\aliso\Documents\CIS663\recognition\Archive\new_without_mask/seed0917.png;917
C:\Users\aliso\Documents\CIS663\recognition\Archive\new_without_mask/seed0918.png;918
C:\Users\aliso\Documents\CIS663\recognition\Archive\new_without_mask/seed0919.png;919
C:\Users\aliso\Documents\CIS663\recognition\Archive\new_without_mask/seed0920.png;920
C:\Users\aliso\Documents\CIS663\recognition\Archive\new_without_mask/seed0921.png;921
C:\Users\aliso\Documents\CIS663\recognition\Archive\new_without_mask/seed0922.png;922
C:\Users\aliso\Documents\CIS663\recognition\Archive\new_without_mask/seed0923.png;923
C:\Users\aliso\Documents\CIS663\recognition\Archive\new_without_mask/seed0924.png;924
C:\Users\aliso\Documents\CIS663\recognition\Archive\new_without_mask/seed0925.png;925
C:\Users\aliso\Documents\CIS663\recognition\Archive\new_without_mask/seed0926.png;926
C:\Users\aliso\Documents\CIS663\recognition\Archive\new_without_mask/seed0927.png;927
C:\Users\aliso\Documents\CIS663\recognition\Archive\new_without_mask/seed0928.png;928
C:\Users\aliso\Documents\CIS663\recognition\Archive\new_without_mask/seed0929.png;929
C:\Users\aliso\Documents\CIS663\recognition\Archive\new_without_mask/seed0930.png;930
C:\Users\aliso\Documents\CIS663\recognition\Archive\new_without_mask/seed0931.png;931
C:\Users\aliso\Documents\CIS663\recognition\Archive\new_without_mask/seed0932.png;932
C:\Users\aliso\Documents\CIS663\recognition\Archive\new_without_mask/seed0933.png;933
C:\Users\aliso\Documents\CIS663\recognition\Archive\new_without_mask/seed0934.png;934
C:\Users\aliso\Documents\CIS663\recognition\Archive\new_without_mask/seed0935.png;935
C:\Users\aliso\Documents\CIS663\recognition\Archive\new_without_mask/seed0936.png;936
C:\Users\aliso\Documents\CIS663\recognition\Archive\new_without_mask/seed0937.png;937
C:\Users\aliso\Documents\CIS663\recognition\Archive\new_without_mask/seed0938.png;938
C:\Users\aliso\Documents\CIS663\recognition\Archive\new_without_mask/seed0939.png;939
C:\Users\aliso\Documents\CIS663\recognition\Archive\new_without_mask/seed0940.png;940
C:\Users\aliso\Documents\CIS663\recognition\Archive\new_without_mask/seed0941.png;941
C:\Users\aliso\Documents\CIS663\recognition\Archive\new_without_mask/seed0942.png;942
C:\Users\aliso\Documents\CIS663\recognition\Archive\new_without_mask/seed0943.png;943
C:\Users\aliso\Documents\CIS663\recognition\Archive\new_without_mask/seed0944.png;944
C:\Users\aliso\Documents\CIS663\recognition\Archive\new_without_mask/seed0945.png;945
C:\Users\aliso\Documents\CIS663\recognition\Archive\new_without_mask/seed0946.png;946
C:\Users\aliso\Documents\CIS663\recognition\Archive\new_without_mask/seed0947.png;947
C:\Users\aliso\Documents\CIS663\recognition\Archive\new_without_mask/seed0948.png;948
C:\Users\aliso\Documents\CIS663\recognition\Archive\new_without_mask/seed0949.png;949
C:\Users\aliso\Documents\CIS663\recognition\Archive\new_without_mask/seed0950.png;950
C:\Users\aliso\Documents\CIS663\recognition\Archive\new_without_mask/seed0951.png;951
C:\Users\aliso\Documents\CIS663\recognition\Archive\new_without_mask/seed0952.png;952
C:\Users\aliso\Documents\CIS663\recognition\Archive\new_without_mask/seed0953.png;953
C:\Users\aliso\Documents\CIS663\recognition\Archive\new_without_mask/seed0954.png;954
C:\Users\aliso\Documents\CIS663\recognition\Archive\new_without_mask/seed0955.png;955
C:\Users\aliso\Documents\CIS663\recognition\Archive\new_without_mask/seed0956.png;956
C:\Users\aliso\Documents\CIS663\recognition\Archive\new_without_mask/seed0957.png;957
C:\Users\aliso\Documents\CIS663\recognition\Archive\new_without_mask/seed0958.png;958
C:\Users\aliso\Documents\CIS663\recognition\Archive\new_without_mask/seed0959.png;959
C:\Users\aliso\Documents\CIS663\recognition\Archive\new_without_mask/seed0960.png;960
C:\Users\aliso\Documents\CIS663\recognition\Archive\new_without_mask/seed0961.png;961
C:\Users\aliso\Documents\CIS663\recognition\Archive\new_without_mask/seed0962.png;962
C:\Users\aliso\Documents\CIS663\recognition\Archive\new_without_mask/seed0963.png;963
C:\Users\aliso\Documents\CIS663\recognition\Archive\new_without_mask/seed0964.png;964
C:\Users\aliso\Documents\CIS663\recognition\Archive\new_without_mask/seed0965.png;965
C:\Users\aliso\Documents\CIS663\recognition\Archive\new_without_mask/seed0966.png;966
C:\Users\aliso\Documents\CIS663\recognition\Archive\new_without_mask/seed0967.png;967
C:\Users\aliso\Documents\CIS663\recognition\Archive\new_without_mask/seed0968.png;968
C:\Users\aliso\Documents\CIS663\recognition\Archive\new_without_mask/seed0969.png;969
C:\Users\aliso\Documents\CIS663\recognition\Archive\new_without_mask/seed0970.png;970
C:\Users\aliso\Documents\CIS663\recognition\Archive\new_without_mask/seed0971.png;971
C:\Users\aliso\Documents\CIS663\recognition\Archive\new_without_mask/seed0972.png;972
C:\Users\aliso\Documents\CIS663\recognition\Archive\new_without_mask/seed0973.png;973
C:\Users\aliso\Documents\CIS663\recognition\Archive\new_without_mask/seed0974.png;974
C:\Users\aliso\Documents\CIS663\recognition\Archive\new_without_mask/seed0975.png;975
C:\Users\aliso\Documents\CIS663\recognition\Archive\new_without_mask/seed0976.png;976
C:\Users\aliso\Documents\CIS663\recognition\Archive\new_without_mask/seed0977.png;977
C:\Users\aliso\Documents\CIS663\recognition\Archive\new_without_mask/seed0978.png;978
C:\Users\aliso\Documents\CIS663\recognition\Archive\new_without_mask/seed0979.png;979
C:\Users\aliso\Documents\CIS663\recognition\Archive\new_without_mask/seed0980.png;980
C:\Users\aliso\Documents\CIS663\recognition\Archive\new_without_mask/seed0981.png;981
C:\Users\aliso\Documents\CIS663\recognition\Archive\new_without_mask/seed0982.png;982
C:\Users\aliso\Documents\CIS663\recognition\Archive\new_without_mask/seed0983.png;983
C:\Users\aliso\Documents\CIS663\recognition\Archive\new_without_mask/seed0984.png;984
C:\Users\aliso\Documents\CIS663\recognition\Archive\new_without_mask/seed0985.png;985
C:\Users\aliso\Documents\CIS663\recognition\Archive\new_without_mask/seed0986.png;986
C:\Users\aliso\Documents\CIS663\recognition\Archive\new_without_mask/seed0987.png;987
C:\Users\aliso\Documents\CIS663\recognition\Archive\new_without_mask/seed0988.png;988
C:\Users\aliso\Documents\CIS663\recognition\Archive\new_without_mask/seed0989.png;989
C:\Users\aliso\Documents\CIS663\recognition\Archive\new_without_mask/seed0990.png;990
C:\Users\aliso\Documents\CIS663\recognition\Archive\new_without_mask/seed0991.png;991
C:\Users\aliso\Documents\CIS663\recognition\Archive\new_without_mask/seed0992.png;992
C:\Users\aliso\Documents\CIS663\recognition\Archive\new_without_mask/seed0993.png;993
C:\Users\aliso\Documents\CIS663\recognition\Archive\new_without_mask/seed0994.png;994
C:\Users\aliso\Documents\CIS663\recognition\Archive\new_without_mask/seed0995.png;995
C:\Users\aliso\Documents\CIS663\recognition\Archive\new_without_mask/seed0996.png;996
C:\Users\aliso\Documents\CIS663\recognition\Archive\new_without_mask/seed0997.png;997
C:\Users\aliso\Documents\CIS663\recognition\Archive\new_without_mask/seed0998.png;998
C:\Users\aliso\Documents\CIS663\recognition\Archive\new_without_mask/seed0999.png;999
